product_id,name,url,price,original_price,discount,rating,review_count,seller_name,seller_tier,location,source,category
100702835200,ZOTAC GAMING NVIDIA GeForce RTX 5070 Ti SOLID SFF OC 16GB DDR7,https://www.tokopedia.com/gamingpcstore/zotac-gaming-nvidia-geforce-rtx-5070-ti-solid-sff-oc-16gb-ddr7-1731833913961317541,25288000,0,0,5.0,0,STAR17 COM,2,Jakarta Selatan,tokopedia,gpu
100702919487,MSI NVIDIA GEFORCE RTX 5050 8GB VENTUS 2X OC GDDR6,https://www.tokopedia.com/gamingpcstore/msi-nvidia-geforce-rtx-5050-8gb-ventus-2x-oc-gddr6-1731834081685243045,8955000,0,0,5.0,0,STAR17 COM,2,Jakarta Selatan,tokopedia,gpu
100276456043,ZOTAC GAMING NVIDIA GeForce RTX 5060 Ti 16GB Twin Edge DDR7 OC EDITION,https://www.tokopedia.com/gamingpcstore/zotac-gaming-nvidia-geforce-rtx-5060-ti-16gb-twin-edge-ddr7-oc-edition-1731258558595302565,15486000,0,0,5.0,0,STAR17 COM,2,Jakarta Selatan,tokopedia,gpu
100552637943,MANLI STELLAR NVIDIA GeForce RTX 5080 OC 16GB GDDR7,https://www.tokopedia.com/gamingpcstore/manli-stellar-nvidia-geforce-rtx-5080-oc-16gb-gddr7-1731555808469025957,31900000,0,0,5.0,0,STAR17 COM,2,Jakarta Selatan,tokopedia,gpu
100493453963,Gainward NVIDIA GeForce RTX 5060 Python III 8GB DDR7 | GAMING,https://www.tokopedia.com/gamingpcstore/gainward-nvidia-geforce-rtx-5060-python-iii-8gb-ddr7-gaming-1731458636611814565,10730000,0,0,5.0,0,STAR17 COM,2,Jakarta Selatan,tokopedia,gpu
100586212754,Gigabyte Nvidia GeForce RTX 5060 8GB WINDFORCE OC DDR7,https://www.tokopedia.com/gamingpcstore/gigabyte-nvidia-geforce-rtx-5060-8gb-windforce-oc-ddr7-1731642387513771173,10138000,0,0,5.0,0,STAR17 COM,2,Jakarta Selatan,tokopedia,gpu
102777513198,VGA MSI GeForce RTX 5060 8GB GDDR7 Ventus 2X OC White,https://www.tokopedia.com/eseskomputertasikmalaya/vga-msi-geforce-rtx-5060-8gb-gddr7-ventus-2x-oc-white-1733832341938406492,9399000,0,0,5.0,0,ESES Komputer Tasikmalaya,2,Tasikmalaya,tokopedia,gpu
102622014021,VGA PALIT GeForce RTX 5050 StormX 8GB GDDR6,https://www.tokopedia.com/eseskomputertasikmalaya/vga-palit-geforce-rtx-5050-stormx-8gb-gddr6-1733376499785827420,7499000,0,0,5.0,0,ESES Komputer Tasikmalaya,2,Tasikmalaya,tokopedia,gpu
103327105233,VGA ASUS Dual GeForce RTX 5070 12GB GDDR7 OC Edition,https://www.tokopedia.com/eseskomputer/vga-asus-dual-geforce-rtx-5070-12gb-gddr7-oc-edition-1735378922404677200,16999000,0,0,5.0,0,ESES Komputer,2,Bandung,tokopedia,gpu
100702935891,COLORFUL IGAME NVIDIA GEFORCE RTX 5050 ULTRA W DUO OC 8GB GDDR6,https://www.tokopedia.com/gamingpcstore/colorful-igame-nvidia-geforce-rtx-5050-ultra-w-duo-oc-8gb-gddr6-1731834088080639141,8583000,0,0,5.0,0,STAR17 COM,2,Jakarta Selatan,tokopedia,gpu
102622023621,VGA PALIT GeForce RTX 5050 StormX 8GB GDDR6,https://www.tokopedia.com/eseskomputer/vga-palit-geforce-rtx-5050-stormx-8gb-gddr6-1733376449770849872,7499000,0,0,5.0,0,ESES Komputer,2,Bandung,tokopedia,gpu
100723592369,MSI NVIDIA GeForce RTX 5060 Ti 16GB SHADOW 2X OC PLUS OC DDR7 | GAMING,https://www.tokopedia.com/gamingpcstore/msi-nvidia-geforce-rtx-5060-ti-16gb-shadow-2x-oc-plus-oc-ddr7-gaming-1731868506163152037,17307000,0,0,5.0,0,STAR17 COM,2,Jakarta Selatan,tokopedia,gpu
102675304695,MSI GeForce RTX 5070 VENTUS 2X OC 12GB GDDR7 | WHITE,https://www.tokopedia.com/gamingpcstore/msi-geforce-rtx-5070-ventus-2x-oc-12gb-gddr7-white-1733532235778852005,19033000,0,0,5.0,0,STAR17 COM,2,Jakarta Selatan,tokopedia,gpu
100556821364,GALAX NVIDIA GeForce RTX 5060 1-CLICK OC 8GB GDDR7,https://www.tokopedia.com/gamingpcstore/galax-nvidia-geforce-rtx-5060-1-click-oc-8gb-gddr7-1731568231306724517,8890000,0,0,5.0,0,STAR17 COM,2,Jakarta Selatan,tokopedia,gpu
100288844939,Gainward NVIDIA GeForce RTX 5060 Ti Ghost 8GB DDR7 | gaming vga,https://www.tokopedia.com/gamingpcstore/gainward-nvidia-geforce-rtx-5060-ti-ghost-8gb-ddr7-gaming-vga-1731336879979594917,10740000,0,0,5.0,0,STAR17 COM,2,Jakarta Selatan,tokopedia,gpu
100702561049,ZOTAC GAMING NVIDIA GeForce RTX 5060 8GB Twin Edge OC | BLACK,https://www.tokopedia.com/gamingpcstore/zotac-gaming-nvidia-geforce-rtx-5060-8gb-twin-edge-oc-black-1731833591658546341,9918000,0,0,5.0,0,STAR17 COM,2,Jakarta Selatan,tokopedia,gpu
102777691613,VGA MSI GeFore RTX 5060 Ti 8GB GDDR7 Gaming OC,https://www.tokopedia.com/eseskomputer/vga-msi-gefore-rtx-5060-ti-8gb-gddr7-gaming-oc-1733832592230155856,11499000,0,0,5.0,0,ESES Komputer,2,Bandung,tokopedia,gpu
102794410385,Inno3D NVIDIA GeForce RTX 5080 16GB GDDR7 X3  - NON OC,https://www.tokopedia.com/gamingpcstore/inno3d-nvidia-geforce-rtx-5080-16gb-gddr7-x3-non-oc-1733876560945317029,33465000,0,0,5.0,0,STAR17 COM,2,Jakarta Selatan,tokopedia,gpu
102106059929,VGA Card MSI GeForce RTX 5060 Ti 8G GAMING OC - 8GB GDDR7,https://www.tokopedia.com/nvidiageforce/vga-card-msi-geforce-rtx-5060-ti-8g-gaming-oc-8gb-gddr7-1732221769789572310,12448000,0,0,5.0,0,NVIDIA GEFORCE,2,Jakarta Utara,tokopedia,gpu
102380563406,VGA Zotac GeForce RTX 3050 6GB GDDR6 TWIN EDGE OC,https://www.tokopedia.com/eseskomputer/vga-zotac-geforce-rtx-3050-6gb-gddr6-twin-edge-oc-1732773354386392656,5199000,0,0,5.0,0,ESES Komputer,2,Bandung,tokopedia,gpu
100523220805,VGA MSI GeForce RTX 5060 8GB GDDR7 Gaming OC Edition,https://www.tokopedia.com/eseskomputer/vga-msi-geforce-rtx-5060-8gb-gddr7-gaming-oc-edition-1731481542617499216,9499000,0,0,5.0,0,ESES Komputer,2,Bandung,tokopedia,gpu
100748346267,ZOTAC GAMING NVIDIA GeForce RTX 5050 Twin Edge OC 8GB DDR6,https://www.tokopedia.com/gamingpcstore/zotac-gaming-nvidia-geforce-rtx-5050-twin-edge-oc-8gb-ddr7-1731908846727103653,8120000,0,0,5.0,0,STAR17 COM,2,Jakarta Selatan,tokopedia,gpu
100493457810,GAINWARD NVIDIA GEFORCE RTX 5060 8GB GHOST GDDR7 | GAMING,https://www.tokopedia.com/gamingpcstore/gainward-nvidia-geforce-rtx-5060-8gb-ghost-gddr7-gaming-1731458673030890661,8770000,0,0,5.0,0,STAR17 COM,2,Jakarta Selatan,tokopedia,gpu
100552696340,MANLI GALLARDO NVIDIA GeForce RTX 5080 OC 16GB GDDR7,https://www.tokopedia.com/gamingpcstore/manli-gallardo-nvidia-geforce-rtx-5080-oc-16gb-gddr7-1731555830562129061,30000000,0,0,5.0,0,STAR17 COM,2,Jakarta Selatan,tokopedia,gpu
100552522911,ZOTAC GAMING NVIDIA GeForce RTX 5060 SOLO 8GB DDR7 | Warranty 3 year,https://www.tokopedia.com/gamingpcstore/zotac-gaming-nvidia-geforce-rtx-5060-solo-8gb-ddr7-warranty-3-year-1731555566557758629,9440000,0,0,4.9,0,STAR17 COM,2,Jakarta Selatan,tokopedia,gpu
102046539879,Palit Nvidia GeForce RTX 5050 StormX 8 GB GDDR6,https://www.tokopedia.com/gamingpcstore/palit-nvidia-geforce-rtx-5050-stormx-8-gb-gddr6-1732127062666740901,7140000,0,0,4.8,0,STAR17 COM,2,Jakarta Selatan,tokopedia,gpu
100290538007,Gainward NVIDIA GeForce RTX 5070 Phoenix 12GB DDR7,https://www.tokopedia.com/gamingpcstore/gainward-nvidia-geforce-rtx-5070-phoenix-12gb-ddr7-1731344990381507749,18700000,0,0,3.5,0,STAR17 COM,2,Jakarta Selatan,tokopedia,gpu
15660184445,GIGABYTE GeForce RTX 3050 WINDFORCE 8GB OC V2 GDDR6 - VGA RTX3050 DDR6 Ampere Graphic Card,https://www.tokopedia.com/gasolsurabaya/gigabyte-geforce-rtx-3050-windforce-8gb-oc-v2-gddr6-vga-rtx3050-ddr6-ampere-graphic-card-1730396375009626107,6700000,0,0,5.0,0,Gasol Maspion Square Surabaya,2,Surabaya,tokopedia,gpu
102162202799,ZOTAC GeForce RTX 5060 Ti Twin Edge WHITE 16GB OC GDDR7 - VGA RTX5060 DDR5 Blackwell Graphic Card,https://www.tokopedia.com/gasolsurabaya/zotac-geforce-rtx-5060-ti-twin-edge-white-16gb-oc-gddr7-vga-rtx5060-ddr5-blackwell-graphic-card-1732313167029110779,14250000,0,0,5.0,0,Gasol Maspion Square Surabaya,2,Surabaya,tokopedia,gpu
100278474939,ASUS GeForce RTX 5060 Ti DUAL 16GB OC GDDR7 - VGA RTX5060 DDR7 Blackwell Graphic Card,https://www.tokopedia.com/gasol-kaliurang/asus-geforce-rtx-5060-ti-dual-16gb-oc-gddr7-vga-rtx5060-ddr7-blackwell-graphic-card-1731271692616172669,14395000,14400000,0,5.0,0,GASOL KALIURANG,2,Malang,tokopedia,gpu
100679866192,ZOTAC VGA GEFORCE RTX 5060 TWIN EDGE OC 8GB GDDR7,https://www.tokopedia.com/distributorpc/zotac-vga-geforce-rtx-5060-twin-edge-oc-8gb-gddr7-1731796460514542912,9250000,0,0,5.0,0,distributorkomputer,2,Jakarta Pusat,tokopedia,gpu
100294518304,ASUS ROG Astral GeForce RTX 5080 16GB GDDR7 OC Edition,https://www.tokopedia.com/gamingpcstore/asus-tuf-nvidia-gaming-geforce-rtx-5090-32gb-gddr7-1731365885340058789,40000000,0,0,5.0,0,STAR17 COM,2,Jakarta Selatan,tokopedia,gpu
16595008871,MSI GeForce RTX 5060 Ti VENTUS 3X OC 8GB GDDR7 128-bit [GPU],https://www.tokopedia.com/msi-id/msi-geforce-rtx-5060-ti-ventus-3x-oc-8gb-gddr7-128-bit-gpu-1731188181591622677,12088000,0,0,5.0,0,MSI Shop ID,2,Jakarta Utara,tokopedia,gpu
100579217230,Zotac NVIDIA Geforce RTX 5060 Ti Twin Edge OC 8GB GDDR7 Black,https://www.tokopedia.com/agreskomputerbandung/zotac-nvidia-geforce-rtx-5060-ti-twin-edge-oc-8gb-gddr7-black-1731461629946529736,10550000,13715000,0,5.0,0,Agres Komputer Bandung,2,Bandung,tokopedia,gpu
14380007867,Asus ROG Strix Gundam Edition GeForce RTX 3080 OC White 10GB GDDR6 2ND,https://www.tokopedia.com/redteknologi/asus-rog-strix-gundam-edition-geforce-rtx-3080-oc-white-10gb-gddr6-2nd,10500000,0,0,5.0,0,RedTeknologi-Redcom,2,Jakarta Barat,tokopedia,gpu
14054959950,VGA NVDIA iGame Colorfull RtX 3080 / RTX 3080 Advance OC 10GB - 2ND,https://www.tokopedia.com/redteknologi/vga-nvdia-igame-colorfull-rtx-3080-rtx-3080-advance-oc-10gb,7370000,0,0,5.0,0,RedTeknologi-Redcom,2,Jakarta Barat,tokopedia,gpu
15577076162,VGA NVDIA EVGA XC3 ULTRA RTX 3070  / RTX3070 8GB GDDR6,https://www.tokopedia.com/redteknologi/vga-nvdia-evga-xc3-ultra-rtx-3070-rtx3070-8gb-gddr6,5399999,0,0,5.0,0,RedTeknologi-Redcom,2,Jakarta Barat,tokopedia,gpu
11296659855,Vurrion GeForce RTX 3060 12GB Froztine GDDR6,https://www.tokopedia.com/d-m-i/vurrion-geforce-rtx-3060-12gb-froztine-gddr6,6570000,0,0,5.0,0,Duta Mandiri Infokom,2,Jakarta Pusat,tokopedia,gpu
16576535089,VGA ASUS TUF GAMING GEFORCE RTX 3080 / RTX3080 10GB GDDR6X - 2ND,https://www.tokopedia.com/redteknologi/asus-tuf-gaming-geforce-rtx-3080-10gb-gddr6x-2nd-1731162373540710142,8250000,0,0,5.0,0,RedTeknologi-Redcom,2,Jakarta Barat,tokopedia,gpu
13005509349,VGA EVGA RTX 3060 Ti / 3060Ti XC GAMING 8GB GDDR6 - Second 2ND MULUS LIKE NEW,https://www.tokopedia.com/redteknologi/rtx-3060-ti-evga-xc-gaming-8gb-gddr6-rtx-3060ti-nvidia-lhr-2nd,5499999,0,0,5.0,0,RedTeknologi-Redcom,2,Jakarta Barat,tokopedia,gpu
11000469724,"VGA ZOTAC RTX 2060 TWIN EDGE 6GB – VGA Gaming Nvidia GDDR6, Ultra 1080p/1440p - Second 2nd Unit Only",https://www.tokopedia.com/redteknologi/vga-zotac-rtx-2060-twin-edge-6gb-vga-gaming-nvidia-gddr6-ultra-1080p-1440p-second-2nd-unit-only-1729828201461679870,2750000,0,0,5.0,0,RedTeknologi-Redcom,2,Jakarta Barat,tokopedia,gpu
12600791534,Leadtek NVIDIA RTX PRO 2000 Blackwell 16GB DDR7,https://www.tokopedia.com/gamingpcstore/leadtek-nvidia-rtx-4000-sff-ada-generation-20gb-ddr6-160bit-gpu,27400000,0,0,5.0,0,STAR17 COM,2,Jakarta Selatan,tokopedia,gpu
102071738836,Gigabyte GeForce RTX 5050 8GB GDDR6 Gaming OC - GV-N5050GAMING OC-8GD,https://www.tokopedia.com/enterkomputer/gigabyte-geforce-rtx-5050-8gb-gddr6-gaming-oc-gv-n5050gaming-oc-8gd-1732164852271711824,8679000,0,0,5.0,0,Enter Komputer Official,2,Jakarta Pusat,tokopedia,gpu
100501226982,COLORFUL iGame GeForce RTX 5060 Ultra OC 8GB-V 8GB 3FAN | BLACK,https://www.tokopedia.com/gamingpcstore/colorful-nvidia-geforce-rtx-5060-8gb-nb-ex-ddr7-3-fan-1731461403214709925,10279000,0,0,5.0,0,STAR17 COM,2,Jakarta Selatan,tokopedia,gpu
12350547532,COLORFUL GeForce RTX 5060 Ti GAMING DUO 16GB-V - VGA CARD - GRAPHIC CARD,https://www.tokopedia.com/ctcharco/motherboard-asus-proart-b760-creator-wifi-intel-b760-lga-1700-ddr5,15140000,0,0,5.0,0,Central Technology Computer,2,Jakarta Pusat,tokopedia,gpu
100553202716,Asus GeForce RTX 5060 Ti 16GB GDDR7 PRIME OC Edition,https://www.tokopedia.com/enterkomputer/asus-geforce-rtx-5060-ti-16gb-gddr7-prime-oc-edition-1731557142022162000,17420000,0,0,5.0,0,Enter Komputer Official,2,Jakarta Pusat,tokopedia,gpu
102587699295,PALIT GeForce RTX 5060 Infinity 2 OC 8GB GDDR7,https://www.tokopedia.com/toko-expert-komputer/palit-geforce-rtx-5060-infinity-2-oc-8gb-gddr7-1733280603776648389,8650000,0,0,5.0,0,Toko Expert Komputer,2,Jakarta Pusat,tokopedia,gpu
100541027929,Gainward GeForce RTX 5070 12GB Python III,https://www.tokopedia.com/cockomputer/gainward-geforce-rtx-5070-12gb-python-iii-1731525323897668741,15928000,0,0,5.0,0,COC Komputer,2,Jakarta Pusat,tokopedia,gpu
100254578096,ZOTAC GAMING GeForce RTX 5070 SOLID OC 12GB GDDR7,https://www.tokopedia.com/star-seventeen-com/zotac-gaming-geforce-rtx-5070-solid-oc-12gb-gddr7-1731004816971499397,16569000,0,0,5.0,0,STAR SEVENTEEN COM,2,Jakarta Selatan,tokopedia,gpu
10723636625,MSI GeForce RTX 3050 8GB VENTUS 2X XS OC,https://www.tokopedia.com/cockomputer/msi-geforce-rtx-3050-8gb-ventus-2x-xs-oc,7990000,0,0,5.0,0,COC Komputer,2,Jakarta Pusat,tokopedia,gpu
15352161011,VGA Card Gigabyte GeForce RTX 3050 WINDFORCE OC V2 8G - 8GB GDDR6,https://www.tokopedia.com/nvidiageforce/vga-card-gigabyte-geforce-rtx-3050-windforce-oc-v2-8g-8gb-gddr6,7379000,7529000,0,5.0,0,NVIDIA GEFORCE,2,Jakarta Utara,tokopedia,gpu
100529171569,GAINWARD RTX 3070 TI / RTX 3070TI Phoenix 8GB GDDR6,https://www.tokopedia.com/redteknologi/gainward-rtx-3070-ti-rtx-3070ti-phoenix-8gb-gddr6-1731492266796091134,6385000,0,0,5.0,0,RedTeknologi-Redcom,2,Jakarta Barat,tokopedia,gpu
100521725089,MSI GeForce RTX 5060 SHADOW 2X 8GB OC GDDR7 - VGA RTX5060 DDR7 Blackwell Graphic Card,https://www.tokopedia.com/gasol-kaliurang/msi-geforce-rtx-5060-shadow-2x-8gb-oc-gddr7-vga-rtx5060-ddr7-blackwell-graphic-card-1731479631204877437,8735000,8740000,0,5.0,0,GASOL KALIURANG,2,Malang,tokopedia,gpu
10827597963,NEW Lenovo NVIDIA GeForce RTX 3060 Card - 12GB GDDR6X 5V10W62742,https://www.tokopedia.com/theideaco/new-lenovo-nvidia-geforce-rtx-3060-card-12gb-gddr6x-5v10w62742,7999000,0,0,5.0,0,THEIDEACO,2,Jakarta Pusat,tokopedia,gpu
13737063294,VGA Inno3D GeForce RTX 3050 6GB GDDR6 TWIN X2 - DUAL FAN,https://www.tokopedia.com/enterkomputer/vga-inno3d-geforce-rtx-3050-6gb-gddr6-twin-x2-dual-fan,5262000,0,0,5.0,0,Enter Komputer Official,2,Jakarta Pusat,tokopedia,gpu
102957986649,Colorful NVIDIA Geforce RTX 5060 Ti Battle AX Duo 16GB-V GDDR7,https://www.tokopedia.com/agreskomputerbandung/colorful-nvidia-geforce-rtx-5060-ti-battle-ax-duo-16gb-v-gddr7-1734255033541494728,14466000,18805800,0,5.0,0,Agres Komputer Bandung,2,Bandung,tokopedia,gpu
102537415538,Colorful GeForce RTX 5060 8GB Gaming DUO,https://www.tokopedia.com/cockomputer/colorful-geforce-rtx-5060-8gb-gaming-duo-1733131461474157701,9525000,0,0,5.0,0,COC Komputer,2,Jakarta Pusat,tokopedia,gpu
16481502624,GIGABYTE AORUS GeForce RTX 5090 32GB MASTER,https://www.tokopedia.com/cockomputer/gigabyte-aorus-geforce-rtx-5090-32gb-master-1731042808058054155,94490000,0,0,5.0,0,COC Komputer,2,Jakarta Pusat,tokopedia,gpu
7102015203,NVidia AMPERE NVLink Bridge 2 Slot for RTX A6000 RTX A5000,https://www.tokopedia.com/star-seventeen-com/nvidia-ampere-nvlink-bridge-2-slot-for-rtx-a6000-rtx-a5000,4599000,0,0,5.0,0,STAR SEVENTEEN COM,2,Jakarta Selatan,tokopedia,gpu
100541238565,MANLI NEBULA GeForce RTX 5060 Ti 8GB GDDR7,https://www.tokopedia.com/toko-expert-komputer/manli-nebula-geforce-rtx-5060-ti-8gb-gddr7-1731526329213158597,9250000,0,0,5.0,0,Toko Expert Komputer,2,Jakarta Pusat,tokopedia,gpu
16405086331,ASUS TUF GAMING VGA NVIDIA RTX 5070 12GB GDDR7 OC,https://www.tokopedia.com/collinsofficial/asus-tuf-gaming-vga-nvidia-rtx-5070-12gb-gddr7-oc-1730981313358694208,19399000,0,0,5.0,0,Collins Official,2,Jakarta Utara,tokopedia,gpu
102814742130,VGA Card ZOTAC GAMING GeForce RTX 5050 Twin Edge OC White Edition 8GB GDDR6,https://www.tokopedia.com/nvidiageforce/vga-card-zotac-gaming-geforce-rtx-5050-twin-edge-oc-white-edition-8gb-gddr6-1733922974210032854,7880000,8030000,0,5.0,0,NVIDIA GEFORCE,2,Jakarta Utara,tokopedia,gpu
12738713324,VGA Card MSI GeForce RTX 3050 VENTUS 2X 6G OC - 6GB GDDR6,https://www.tokopedia.com/tech-in-store/vga-card-msi-geforce-rtx-3050-ventus-2x-6g-oc-6gb-gddr6,5605000,0,0,5.0,0,Tech In Store,2,Jakarta Utara,tokopedia,gpu
16392040108,VGA Card MSI GeForce RTX 3050 VENTUS 2X 6GB OC - 6GB GDDR6,https://www.tokopedia.com/gamingpcstore/gainward-nvidia-geforce-rtx-3050-6gb-pegasus-gddr6-gaming-vga-card-1730971916046795941,4720000,0,0,5.0,0,STAR17 COM,2,Jakarta Selatan,tokopedia,gpu
16439359192,ZOTAC GAMING GEFORCE RTX 5070 SOLID OC 12GB GDDR7,https://www.tokopedia.com/sportonlineshop/zotac-gaming-geforce-rtx-5070-solid-oc-12gb-gddr7-1731008853874542046,17535000,0,0,5.0,0,SOS SPORT ONLINE SHOP,2,Jakarta Pusat,tokopedia,gpu
16372189134,VGA Colorful GeForce RTX 3050 V4 6GB - 6 GB GDDR6,https://www.tokopedia.com/jayapc/vga-colorful-geforce-rtx-3050-v4-6gb-6-gb-gddr6-1731162708622804504,5200000,0,0,5.0,0,Jaya PC,2,Jakarta Pusat,tokopedia,gpu
102548989079,"Lenovo ThinkPad P1 Gen 8 Ultra 7 265H 32GB 1TB SSD RTX Pro 1000 8GB 16""IPS IR Win 11Pro",https://www.tokopedia.com/think-id/lenovo-thinkpad-p1-gen-8-ultra-7-265h-32gb-1tb-ssd-rtx-pro-1000-8gb-16-ips-ir-win-11pro-1733183740279293396,74311000,0,0,5.0,0,THINK-ID,2,Surabaya,tokopedia,gpu
14467296250,Vga Card Msi RTX 3050 Ventus 2X 6G OC - Vga Rtx3050,https://www.tokopedia.com/dbclick/vga-card-msi-rtx-3050-ventus-2x-6g-oc-vga-rtx3050,5055000,0,0,5.0,0,DBKlik Indonesia,2,Jakarta Pusat,tokopedia,gpu
16166284889,COLORFUL GeForce RTX 5080 iGame Ultra W OC 16GB-V GDDR7 GDDR7 White - VGA RTX5080 DDR7 Blackwell VGA Graphic Card,https://www.tokopedia.com/gasoldinoyo/colorful-geforce-rtx-5080-igame-ultra-w-16gb-oc-v-gddr7-white-rtx5080-ddr7-blackwell-vga-graphic-card-1730829298474583076,30400000,0,0,5.0,0,GASOL DINOYO MALANG,2,Malang,tokopedia,gpu
16550505272,COLORFUL GeForce RTX 5070 iGame Ultra W OC 12GB-V GDDR7 -  VGA RTX5070 DDR7 Blackwell Graphic Card,https://www.tokopedia.com/gasoldinoyo/colorful-geforce-rtx-5070-igame-ultra-w-oc-12gb-v-gddr7-vga-rtx5070-ddr7-blackwell-graphic-card-1731134519734731944,17200000,0,0,5.0,0,GASOL DINOYO MALANG,2,Malang,tokopedia,gpu
102091121028,GIGABYTE GeForce RTX 5050 WINDFORCE OC 8GB GDDR6,https://www.tokopedia.com/toko-expert-komputer/gigabyte-geforce-rtx-5050-windforce-oc-8gb-gddr6-1732194668038292677,8441791,0,0,5.0,0,Toko Expert Komputer,2,Jakarta Pusat,tokopedia,gpu
16465848806,Gigabyte GeForce RTX 3050 6GB GDDR6 Windforce OC V2 - GV-N3050WF2OCV2-6GD,https://www.tokopedia.com/enterkomputer/gigabyte-geforce-rtx-3050-6gb-gddr6-windforce-oc-v2-gv-n3050wf2ocv2-6gd-1731030746598180828,5584000,0,0,5.0,0,Enter Komputer Official,2,Jakarta Pusat,tokopedia,gpu
16549303873,MSI VGA NVIDIA GEFORCE RTX 3050 VENTUS 2X E 6GB GDDR6 OC 3Y,https://www.tokopedia.com/agreskomputerofficial/ready-msi-vga-nvidia-geforce-rtx-3050-ventus-2x-e-6gb-gddr6-oc-3y-1731133229224265632,6024000,8500000,0,5.0,0,Agres Komputer Official,2,Jakarta Utara,tokopedia,gpu
6801917950,GIGABYTE NVIDIA GeForce RTX 3060 WINDFORCE OC 12GB DDR6 - GAMING VGAC,https://www.tokopedia.com/gamingpcstore/gigabyte-nvidia-geforce-rtx-3060-windforce-oc-12gb-ddr6-gaming-vgac,10580000,0,0,5.0,0,STAR17 COM,2,Jakarta Selatan,tokopedia,gpu
102732226888,COLORFUL GeForce RTX 5060 Ti GAMING DUO 16GB-V GDDR7,https://www.tokopedia.com/toko-expert-komputer/colorful-geforce-rtx-5060-ti-gaming-duo-16gb-v-gddr7-1733711153536140485,14150000,0,0,5.0,0,Toko Expert Komputer,2,Jakarta Pusat,tokopedia,gpu
100687718317,Zotac GeForce RTX 5070 12GB GDDR7 TWIN EDGE OC,https://www.tokopedia.com/enterkomputer/zotac-geforce-rtx-5070-12gb-gddr7-twin-edge-oc-1731811640552883792,17026000,0,0,5.0,0,Enter Komputer Official,2,Jakarta Pusat,tokopedia,gpu
16450265254,Gigabyte GeForce RTX 5070 WINDFORCE OC SFF 12G,https://www.tokopedia.com/it-shoponline/gigabyte-geforce-rtx-5070-windforce-oc-sff-12g-1731017554799330394,18000000,0,0,5.0,0,ITShop Online,2,Surabaya,tokopedia,gpu
100492082838,GAINWARD VGA GEFORCE RTX 5060TI 16GB PYTHON III GDDR7 | VGA CARD,https://www.tokopedia.com/collinsofficial/gainward-vga-geforce-rtx-5060ti-16gb-python-iii-gddr7-vga-card-1731453619781993671,15150000,16799000,0,5.0,0,Collins Official,2,Jakarta Utara,tokopedia,gpu
100693969578,MSI GeForce RTX 5060 Ti 8GB GDDR7 - Shadow 2X OC PLUS,https://www.tokopedia.com/enterkomputer/msi-geforce-rtx-5060-ti-8gb-gddr7-shadow-2x-oc-plus-1731819270556321360,11920000,0,0,5.0,0,Enter Komputer Official,2,Jakarta Pusat,tokopedia,gpu
100708631984,iGame GeForce RTX 5060 Ti 16GB GDDR7 Ultra W DUO OC 16GB-V,https://www.tokopedia.com/enterkomputer/igame-geforce-rtx-5060-ti-16gb-gddr7-ultra-w-duo-oc-16gb-v-1731845546279142992,15470000,0,0,5.0,0,Enter Komputer Official,2,Jakarta Pusat,tokopedia,gpu
100493424140,Colorful iGame GeForce RTX 5060 8GB Ultra W DUO OC,https://www.tokopedia.com/cockomputer/colorful-igame-geforce-rtx-5060-8gb-ultra-w-duo-oc-1731458385346135173,9967000,0,0,5.0,0,COC Komputer,2,Jakarta Pusat,tokopedia,gpu
100579212036,Zotac NVIDIA Geforce RTX 5070 Solid OC 12GB GDDR7,https://www.tokopedia.com/agreskomputerbandung/zotac-nvidia-geforce-rtx-5070-solid-oc-12gb-gddr7-1731433779158288328,17490000,22737000,0,5.0,0,Agres Komputer Bandung,2,Bandung,tokopedia,gpu
103104600065,RAM DDR5 V-GeN Platinum Rescue 8GB 16GB 32GB PC44800/5600Mhz LongDimm Memory PC VGEN,https://www.tokopedia.com/v-genindonesia/ram-ddr5-v-gen-platinum-8gb-pc44800-5600mhz-longdimm-memory-pc-vgen-1734670636776654676,2067000,0,0,5.0,0,V-GeN Indonesia Official Store,2,Jakarta Pusat,tokopedia,ram
6861923691,TEAM DELTA RGB WHITE DDR5 5600MHz 32GB 2x16GB FF4D532G5600HC36BDC01,https://www.tokopedia.com/sportonlineshop/team-delta-rgb-white-ddr5-5600mhz-32gb-2x16gb-ff4d532g5600hc36bdc01,8499000,0,0,5.0,0,SOS SPORT ONLINE SHOP,2,Jakarta Pusat,tokopedia,ram
10539247755,TEAMGROUP T-Create Classic 10L DDR5 32GB Kit 2x16GB 6000MHz,https://www.tokopedia.com/gamingpcstore/teamgroup-t-create-classic-10l-ddr5-32gb-kit-2x16gb-6000mhz,9179000,0,0,5.0,0,STAR17 COM,2,Jakarta Selatan,tokopedia,ram
15326539817,CORSAIR VENGEANCE RGB DUAL PROFILE DDR5 PC5-41600 5200MHz 32GB ( 2x16GB ) CMH32GX5M2B5200Z40,https://www.tokopedia.com/sportonlineshop/corsair-vengeance-rgb-dual-profile-ddr5-pc5-41600-5200mhz-32gb-2x16gb-cmh32gx5m2b5200z40,8270000,0,0,5.0,0,SOS SPORT ONLINE SHOP,2,Jakarta Pusat,tokopedia,ram
7140713678,Team T-Force Delta RGB DDR5 32GB (2X16GB) 5600Mhz,https://www.tokopedia.com/distributorpc/team-t-force-delta-rgb-ddr5-32gb-2x16gb-5600mhz-putih,9433000,0,0,5.0,0,distributorkomputer,2,Jakarta Pusat,tokopedia,ram
13805759313,ADATA XPG LANCER BLADE DDR5 32GB (2x16GB) 5600Mhz - BLACK,https://www.tokopedia.com/pcrakitanofficial/adata-xpg-lancer-blade-ddr5-32gb-2x16gb-5600mhz-black,8290000,9650000,0,5.0,0,PC Rakitan Official,2,Jakarta Utara,tokopedia,ram
6781895408,TEAM DELTA RGB WHITE DDR5 6000MHz 32GB 2x16GB FF4D532G6000HC38ADC01,https://www.tokopedia.com/sportonlineshop/team-delta-rgb-white-ddr5-6000mhz-32gb-2x16gb-ff4d532g6000hc38adc01,8590000,0,0,5.0,0,SOS SPORT ONLINE SHOP,2,Jakarta Pusat,tokopedia,ram
15022903339,TEAM T-FORCE DELTA 16GB (2X8GB) DDR5 6000Mhz RGB BLACK,https://www.tokopedia.com/pcrakitanofficial/team-t-force-delta-16gb-2x8gb-ddr5-6000mhz-rgb-black,4349900,5050000,0,5.0,0,PC Rakitan Official,2,Jakarta Utara,tokopedia,ram
100102485718,Lexar ARES DDR5 RGB Memory RAM 6400MT/s PC48000 16GBX2 - 32GB,https://www.tokopedia.com/lexar-indonesia/lexar-ares-ddr5-rgb-memory-ram-6400mt-s-pc48000-16gbx2-32gb-1730760522664346779,10499700,11500000,0,5.0,0,Lexar Indonesia,2,Jakarta Pusat,tokopedia,ram
102376063046,RAM v-color DDR5 MANTA XFINITY RGB 32GB (2x16GB) 6000MHz XMP EXPO Dual-Profile TMXFL3260830KSK,https://www.tokopedia.com/eseskomputer/ram-v-color-ddr5-manta-xfinity-rgb-32gb-2x16gb-6000mhz-xmp-expo-dual-profile-tmxfl3260830ksk-1732763714377188944,18999000,0,0,5.0,0,ESES Komputer,2,Bandung,tokopedia,ram
15626102276,Team T-Force Delta RGB BLACK 16GB (2x8GB) DDR5 6000Mhz [RAM],https://www.tokopedia.com/imbapc/team-t-force-delta-rgb-black-16gb-2x8gb-ddr5-6000mhz-ram,4350000,0,0,5.0,0,IMBA PC,2,Jakarta Utara,tokopedia,ram
100573170630,KLEVV FIT V Jet Black DDR5 PC44800 5600MHz 32GB (2x16GB)/ RAM 32GB,https://www.tokopedia.com/enterkomputer/klevv-fit-v-jet-black-ddr5-pc44800-5600mhz-32gb-2x16gb-ram-32gb-1731611161736414800,8789000,0,0,5.0,0,Enter Komputer Official,2,Jakarta Pusat,tokopedia,ram
16049996474,MEMORI SODIMM 8GB DDR5 SAMSUNG ADATA TEAM SK HYNIX,https://www.tokopedia.com/hosanacomp/memori-sodimm-8gb-ddr5-samsung-adata-team-sk-hynix-1731184843123098668,2500000,0,0,5.0,0,HOSANA COMPUTER,2,Jakarta Pusat,tokopedia,ram
15445610972,ACER PREDATOR VESTA II RGB DDR5 32GB (2x16GB) 6400Mhz - Silver - CL32,https://www.tokopedia.com/distributorpc/acer-predator-vesta-ii-rgb-ddr5-32gb-2x16gb-6400mhz-silver,10280000,0,0,5.0,0,distributorkomputer,2,Jakarta Pusat,tokopedia,ram
12617780523,Memory Ram Team Elite Sodimm DDR5 PC44800 5600Mhz 32GB,https://www.tokopedia.com/jayapc/memory-ram-team-elite-sodimm-ddr5-pc44800-5600mhz-32gb,9504000,0,0,5.0,0,Jaya PC,2,Jakarta Pusat,tokopedia,ram
12587000350,ADATA RAM DDR5 16GB (1x16GB) 5600Mhz - SODIMM,https://www.tokopedia.com/pcrakitanofficial/adata-ram-ddr5-16gb-1x16gb-5600mhz-sodimm,4190000,4720000,0,5.0,0,PC Rakitan Official,2,Jakarta Utara,tokopedia,ram
15239035303,Memory Ram Team Elite Sodimm DDR5 PC44800 5600Mhz 8GB,https://www.tokopedia.com/jayapc/memory-ram-team-elite-sodimm-ddr5-pc44800-5600mhz-8gb,3512000,0,0,5.0,0,Jaya PC,2,Jakarta Pusat,tokopedia,ram
16522945087,ADATA RAM LONGDIMM DDR5 8GB (8GBX1) PC4800,https://www.tokopedia.com/agrespcrakitan/adata-ram-longdimm-ddr5-8gb-8gbx1-pc4800-1731091184781395527,2139000,3700000,0,5.0,0,AGRES PC RAKITAN,2,Jakarta Utara,tokopedia,ram
11765851535,Corsair VENGEANCE 16GB 2x8GB DDR5 RAM 5200Mhz CL40 Memory Kit - CMK16GX5M2B-5200Z40,https://www.tokopedia.com/gamingpcstore/corsair-vengeance-16gb-2x8gb-ddr5-ram-5200mhz-cl40-memory-kit-cmk16gx5m2b-5200z40,6140000,0,0,5.0,0,STAR17 COM,2,Jakarta Selatan,tokopedia,ram
15628764076,T-CREATE EXPERT BLACK 32GB Dual Channel 2x16GB DDR5 6000MHz,https://www.tokopedia.com/starcomp-semarang/t-create-expert-black-32gb-dual-channel-2x16gb-ddr5-6000mhz,8499000,0,0,5.0,0,Starcomp Semarang,2,Semarang,tokopedia,ram
103723885347,Team T-Create EXPERT DDR5 32Gb (2x16GB) 6000Mhz - Dual Channel,https://www.tokopedia.com/pcrakitanofficial/team-t-create-expert-ddr5-32gb-2x16gb-6400mhz-dual-channel-1736996253698327614,8450000,17050000,0,5.0,0,PC Rakitan Official,2,Jakarta Utara,tokopedia,ram
13920366730,ACER PREDATOR HERMES RGB WHITE DDR5 PC5-51200 6400MHz 32GB ( 2x16GB ) HERMES-32GB-6400-1R8-V1,https://www.tokopedia.com/sportonlineshop/acer-predator-hermes-rgb-white-ddr5-pc5-51200-6400mhz-32gb-2x16gb-hermes-32gb-6400-1r8-v1,10625000,0,0,5.0,0,SOS SPORT ONLINE SHOP,2,Jakarta Pusat,tokopedia,ram
102060349475,RAM Corsair Vengeance RGB DDR5 32GB (2X16GB) 6000MHz CL36 White CMH32GX5M2E6000Z36W,https://www.tokopedia.com/eseskomputertasikmalaya/ram-corsair-vengeance-rgb-ddr5-32gb-2x16gb-6000mhz-cl36-white-cmh32gx5m2e6000z36w-1732146819093529692,10190000,0,0,5.0,0,ESES Komputer Tasikmalaya,2,Tasikmalaya,tokopedia,ram
9522932909,RAM DDR5 V-GeN Platinum 8GB PC44800/5600Mhz LongDimm Memory PC VGEN,https://www.tokopedia.com/intact-official/ram-ddr5-v-gen-platinum-8gb-pc44800-5600mhz-longdimm-memory-pc-vgen,2399000,0,0,5.0,0,Intact Official Store,2,Jakarta Pusat,tokopedia,ram
14221968410,CORSAIR VENGEANCE DDR5 PC5-48000 6000MHz 32GB ( 2x16GB ) CMK32GX5M2E6000Z36,https://www.tokopedia.com/sportonlineshop/corsair-vengeance-ddr5-pc5-48000-6000mhz-32gb-2x16gb-cmk32gx5m2e6000z36,9740000,0,0,5.0,0,SOS SPORT ONLINE SHOP,2,Jakarta Pusat,tokopedia,ram
15552271808,Lexar Ram Memory Longdimm DDR5 8GB PC44800 5600MHz,https://www.tokopedia.com/lexarindonesia/lexar-ram-memory-longdimm-ddr5-8gb-pc44800-5600mhz,2332500,3225000,0,5.0,0,Lexar Indonesia Official,2,Jakarta Pusat,tokopedia,ram
102231536875,RAM Corsair DDR5 Vengeance White 32GB (2X16GB) 6000MHz C36 XMP EXPO CMK32GX5M2E6000Z36W,https://www.tokopedia.com/eseskomputer/ram-corsair-ddr5-vengeance-white-32gb-2x16gb-6000mhz-c36-xmp-expo-cmk32gx5m2e6000z36w-1732465240007018064,9909000,0,0,5.0,0,ESES Komputer,2,Bandung,tokopedia,ram
13616347453,TEAM T-CREATE EXPERT RAM LONGDIMM DDR5 32GB (16GBX2) 6400MHZ BLACK,https://www.tokopedia.com/agreskomputerofficial/team-t-create-expert-ram-longdimm-ddr5-32gb-16gbx2-6400mhz-black-1730064228491823008,8850000,33715000,0,5.0,0,Agres Komputer Official,2,Jakarta Utara,tokopedia,ram
103340480531,LONGDIM ADATA XPG DDR5 8GB (8GBX1) 5600MHZ LANCER BLADE BLACK RAM PC,https://www.tokopedia.com/starcomp-semarang/ram-adata-xpg-ddr5-8gb-8gbx1-5600mhz-lancer-blade-black-1735423581115614954,2199000,0,0,5.0,0,Starcomp Semarang,2,Semarang,tokopedia,ram
103226366808,Ram Sodimm KINGSTON FURY IMPACT 32GB DDR5 5600MHz Original,https://www.tokopedia.com/anugerahdigital/ram-sodimm-kingston-fury-impact-32gb-ddr5-5600mhz-ram-sodimm-kingston-ddr5-32gb-5600mhz-1734612694680503639-1735049602016118103,8499000,0,0,5.0,0,Anugerah Digital Lestari,2,Jakarta Pusat,tokopedia,ram
16275946967,Corsair Vengeance RGB 32GB (2x16GB) DDR5 6600MHz C38 - CMH32GX5M2B6600C38 Black Memory RAM,https://www.tokopedia.com/gasolsurabaya/corsair-vengeance-rgb-32gb-2x16gb-ddr5-6600mhz-c38-cmh32gx5m2b6600c38-black-memory-ram-1730881402406537211,9749000,0,0,5.0,0,Gasol Maspion Square Surabaya,2,Surabaya,tokopedia,ram
100684568639,KLEVV CRAS V RGB DDR5 PC57600 7200MHz 48GB (2X24GB) CL34 MEMORY RAM PC | Brilliant White,https://www.tokopedia.com/gamingpcstore/klevv-cras-v-rgb-ddr5-pc57600-7200mhz-48gb-2x24gb-cl34-memory-ram-pc-brilliant-white-1731807595012457637,12749000,0,0,5.0,0,STAR17 COM,2,Jakarta Selatan,tokopedia,ram
100848344059,"ACER ASPIRE GO AG14-71M-5471 ULTRA 5 125H 16GB DDR5 512GB SSD 14"" IPS WUXGA 100% sRGB W11H OHS2024 SPACE GREY BP [NX.JFWSN.001]",https://www.tokopedia.com/infonetmanggadua/acer-aspire-go-ag14-71m-5471-ultra-5-125h-16gb-ddr5-512gb-ssd-14-ips-wuxga-100-srgb-w11h-ohs2024-space-grey-bp-nx-jfwsn-001-1732049462159246872,13178999,20869000,0,5.0,0,Infonet Mangga Dua,2,Jakarta Pusat,tokopedia,ram
103560025104,KLEVV FIT V Jet Black DDR5 PC51200 6400MHz 16GB (2x8GB) CL30 / RAM 16GB,https://www.tokopedia.com/enterkomputer/klevv-fit-v-jet-black-ddr5-pc51200-6400mhz-16gb-2x8gb-cl30-ram-16gb-1736419884329240144,4922000,0,0,5.0,0,Enter Komputer Official,2,Jakarta Pusat,tokopedia,ram
16597666234,TEAM TFORCE DELTA RAM LONGDIMM DDR5 64GB (32GBX2) PC6400 RGB BLACK/WHITE,https://www.tokopedia.com/agreskomputerofficial/team-tforce-delta-ram-longdimm-ddr5-64gb-32gbx2-pc6400-rgb-black-white-1731194226105747360,18500000,30000000,0,5.0,0,Agres Komputer Official,2,Jakarta Utara,tokopedia,ram
102665368720,Kingston FURY Beast Black DDR5 PC44800 5600MHz 32GB (2x16GB) CL36 / RAM 32GB,https://www.tokopedia.com/enterkomputer/kingston-fury-beast-black-ddr5-pc44800-5600mhz-32gb-2x16gb-cl36-ram-32gb-1733485501517104720,10035000,0,0,5.0,0,Enter Komputer Official,2,Jakarta Pusat,tokopedia,ram
102934337449,CORSAIR VENGEANCE 64GB (2x32GB) DDR5 DRAM 5200MHz C40 Memory.,https://www.tokopedia.com/gamersoutpost/corsair-vengeance-64gb-2x32gb-ddr5-dram-5200mhz-c40-memory-1734200213174322771,16379000,0,0,5.0,0,Gamer's Outpost,2,Jakarta Pusat,tokopedia,ram
15154177199,TEAM T-Force Delta RGB (2x8) 16GB DDR5 kit 6000MHz - Black / White Memory RAM,https://www.tokopedia.com/galaxy-solusindo/team-t-force-delta-rgb-2x8-16gb-ddr5-kit-6000mhz-black-white-memory-ram-1731245446128043425,4849000,0,0,5.0,0,Galaxy Solusindo,2,Malang,tokopedia,ram
100290936799,Corsair Vengeance White DDR5 PC48000 6000MHz 32GB (2x16GB) / RAM 32GB,https://www.tokopedia.com/enterkomputer/corsair-vengeance-white-ddr5-pc48000-6000mhz-32gb-2x16gb-ram-32gb-1731346557847373392,9637000,0,0,5.0,0,Enter Komputer Official,2,Jakarta Pusat,tokopedia,ram
103024349026,CORSAIR DOMINATOR TITANIUM RGB 32GB (2x16GB) DDR5 DRAM 6000MHz C30 INTEL XMP/AMD EXPO,https://www.tokopedia.com/corsair-official-store/corsair-dominator-titanium-rgb-32gb-2x16gb-ddr5-dram-6000mhz-c30-intel-xmp-amd-expo-1734379558297503615,14439000,0,0,5.0,0,Corsair Official Store,2,Jakarta Pusat,tokopedia,ram
6515368211,G.Skill Memory RAM Trident Z5 RGB DDR5 5600 MHz CL40 32GB (16GBx2) F5-5600J4040C16GX2-TZ5RK,https://www.tokopedia.com/myclub/g-skill-memory-ram-trident-z5-rgb-ddr5-5600-mhz-cl40-32gb-16gbx2-f5-5600j4040c16gx2-tz5rk,10591000,10690000,0,5.0,0,Myclub id,2,Jakarta Utara,tokopedia,ram
15853163271,Crucial Pro Overclocking DDR5-6400 32GB Kit (16GBx2) UDIMM OC Gaming Memory Black,https://www.tokopedia.com/trinityofficial/crucial-pro-overclocking-ddr5-6400-32gb-kit-16gbx2-udimm-oc-gaming-memory-black,8665000,0,0,5.0,0,Trinity Official Store,2,Jakarta Barat,tokopedia,ram
12504138534,TEAM T-CREATE EXPERT (2x16) 32GB DDR5 kit 6400Mhz Memory RAM,https://www.tokopedia.com/gasol-kaliurang/team-t-create-expert-2x16-32gb-ddr5-kit-6400mhz-memory-ram-putih-08ff9,9460000,9465000,0,5.0,0,GASOL KALIURANG,2,Malang,tokopedia,ram
16502243030,TEAM T-FORCE DELTA RAM DDR5 64GB (32GBX2) 6000Mhz RGB,https://www.tokopedia.com/imbapc/team-t-force-delta-ram-ddr5-64gb-32gbx2-6000mhz-rgb-1731066987558634850,18190000,0,0,5.0,0,IMBA PC,2,Jakarta Utara,tokopedia,ram
103516720517,ADATA XPG RAM LONGDIMM DDR5 32GB (16GBX2) 5600MHZ LANCER BLADE WHITE,https://www.tokopedia.com/agreskomputerofficial/adata-xpg-ram-longdimm-ddr5-32gb-16gbx2-5600mhz-lancer-blade-white-1730095020674615200-1736204506343573408,8290000,9000000,0,5.0,0,Agres Komputer Official,2,Jakarta Utara,tokopedia,ram
8948400365,Memory Ram Team Elite Plus DDR5 PC41600 5200Mhz 32GB 2x16GB,https://www.tokopedia.com/jayapc/memory-ram-team-elite-plus-ddr5-pc41600-5200mhz-32gb-2x16gb-hitam-adb22,9341000,0,0,5.0,0,Jaya PC,2,Jakarta Pusat,tokopedia,ram
12610154139,Corsair Vengeance SO-DIMM DDR5 5600 Mhz 32GB (2x16GB) C48,https://www.tokopedia.com/cockomputer/corsair-vengeance-so-dimm-ddr5-5600-mhz-32gb-2x16gb-c48,8978000,0,0,5.0,0,COC Komputer,2,Jakarta Pusat,tokopedia,ram
8146175312,CORSAIR VENGEANCE RGB DDR5 64GB (2X32GB) 5200MHz C40 - WHITE,https://www.tokopedia.com/toko-expert-komputer/corsair-vengeance-rgb-ddr5-64gb-2x32gb-5200mhz-c40-white-1731227821480772805,15820613,0,0,5.0,0,Toko Expert Komputer,2,Jakarta Pusat,tokopedia,ram
15868397081,V-Color DDR5 128GB 4X32GB 6000MHz CL32 4Gx4 1Rx4 OC RDIMM Overclocking ECC Registered DIMM 1.25V Memory Ram for TRX50 Workstation AMD Expo TRA532G60S432Q Memori Memori,https://www.tokopedia.com/gamingpcstore/v-color-ddr5-128gb-4x32gb-6000mhz-cl32-4gx4-1rx4-oc-rdimm-overclocking-ecc-registered-dimm-1-25v-memory-ram-for-trx50-workstation-amd-expo-tra532g60s432q-memori-memori-1730575758447248549,95000000,0,0,5.0,0,STAR17 COM,2,Jakarta Selatan,tokopedia,ram
16500630318,CORSAIR VENGEANCE RGB 64GB (2x32GB) DDR5 DRAM 6000MHZ CL30 AMD EXPO & Intel XMP Memory Kit | CMH64GX5M2B-6000Z30,https://www.tokopedia.com/gamingpcstore/corsair-vengeance-rgb-64gb-2x32gb-ddr5-dram-6000mhz-cl30-amd-expo-intel-xmp-memory-kit-cmh64gx5m2b-6000z30-1731065354103522469,23620000,0,0,5.0,0,STAR17 COM,2,Jakarta Selatan,tokopedia,ram
15993246044,CORSAIR VENGEANCE 64GB (2x32GB) DDR5 DRAM 6000MHz C30 INTEL XMP/AMD EXPO,https://www.tokopedia.com/corsair-official-store/corsair-vengeance-64gb-2x32gb-ddr5-dram-6000mhz-c30-intel-xmp-amd-expo-1730739409325098327,23279000,0,0,5.0,0,Corsair Official Store,2,Jakarta Pusat,tokopedia,ram
100773150399,Dell Server PowerEdge T160 -  Xeon 6315P 4 Core 16GB 2TB SATA DDR5 Tower PowerEdge 3 Years Warranty,https://www.tokopedia.com/dell-premium-official/dell-monitor-e2425hm-full-hd-24-inch-1731946361045943382,79000000,0,0,5.0,0,DELL PREMIUM OFFICIAL,2,Jakarta Barat,tokopedia,ram
16489713329,KINGBANK SOARBLADE RGB DDR5 6000MHz 32GB ( 2x16GB ) MEMORY RAM PC | CL36 Black,https://www.tokopedia.com/gamingpcstore/kingbank-soarblade-rgb-ddr5-6000mhz-32gb-2x16gb-memory-ram-pc-cl36-black-1731051578489537701,7800000,0,0,5.0,0,STAR17 COM,2,Jakarta Selatan,tokopedia,ram
14243987063,KLEVV CRAS V RGB DDR5 Brilliant White PC48000 6000MHz 48GB (2X24GB),https://www.tokopedia.com/cockomputer/klevv-cras-v-rgb-ddr5-brilliant-white-pc48000-6000mhz-48gb-2x24gb,13348000,0,0,5.0,0,COC Komputer,2,Jakarta Pusat,tokopedia,ram
16112917007,TEAM T-FORCE DELTA RAM LONGDIMM DDR5 32GB (16GBX2) 6000MHZ RGB WHITE,https://www.tokopedia.com/agreskomputerofficial/team-t-force-delta-ram-longdimm-ddr5-32gb-16gbx2-6000mhz-rgb-white-1730813987533064096,9350000,15855000,0,5.0,0,Agres Komputer Official,2,Jakarta Utara,tokopedia,ram
16336296022,ADATA RAM SODIMM DDR5 16GB 5600MHZ,https://www.tokopedia.com/agrespcrakitan/adata-ram-sodimm-ddr5-16gb-5600mhz-1731319256728831630,4190000,5045000,0,5.0,0,AGRES PC RAKITAN,2,Jakarta Utara,tokopedia,ram
15342815751,Corsair VENGEANCE RGB 32GB 2x16GB DDR5 DRAM 5200Mhz CL40 AMD EXPO Memory Kit - CMH32GX5M2B5200C40,https://www.tokopedia.com/gamingpcstore/corsair-vengeance-rgb-32gb-2x16gb-ddr5-dram-5200mhz-cl40-amd-expo-memory-kit-cmh32gx5m2b5200c40-1730224110489535653,8670000,0,0,5.0,0,STAR17 COM,2,Jakarta Selatan,tokopedia,ram
15538778151,Memory Ram Lexar Sodimm DDR5 PC44800 5600Mhz 8GB,https://www.tokopedia.com/jayapc/memory-ram-lexar-sodimm-ddr5-pc44800-5600mhz-8gb,2292000,0,0,5.0,0,Jaya PC,2,Jakarta Pusat,tokopedia,ram
15237725999,RAM  LongDimm DDR5 V-GeN Platinum 16GB PC38400/4800Mhz Memory PC VGEN,https://www.tokopedia.com/vgenofficialstore/ram-longdimm-ddr5-v-gen-platinum-16gb-pc38400-4800mhz-memory-pc-vgen,4221500,0,0,5.0,0,V-GeN Official Store Surabaya,2,Surabaya,tokopedia,ram
103202938560,ADATA XPG LANCER BLADE DDR5 RGB 16GB (1x16GB) 5600MHz - BLACK,https://www.tokopedia.com/toko-expert-komputer/adata-xpg-lancer-blade-ddr5-rgb-16gb-1735003649916503237,4450000,0,0,5.0,0,Toko Expert Komputer,2,Jakarta Pusat,tokopedia,ram
15154175696,TEAM T-Force Delta RGB (2x8) 16GB DDR5 kit 6000MHz - Black / White Memory RAM,https://www.tokopedia.com/gasol/team-t-force-delta-rgb-2x8-16gb-ddr5-kit-6000mhz-black-white-memory-ram-1730259859626820814,4849000,0,0,5.0,0,GASOL MALANG,2,Malang,tokopedia,ram
103035782976,KINGSTON RAM LONGDIMM DDR5 FURY BEAST 8GB (8GBX1) 5600MHZ CL36 BLACK - KF556C36BBE-8,https://www.tokopedia.com/agreskomputerofficial/kingston-ram-longdimm-ddr5-fury-beast-8gb-8gbx1-5600mhz-cl36-black-kf556c36bbe-8-1734395922020009888,2440000,3529800,0,5.0,0,Agres Komputer Official,2,Jakarta Utara,tokopedia,ram
103473493247,[FREEBIES EXCLUSIVE HOODIE] TEAM ELITE RAM SODIMM DDR5 16GB 5600MHZ,https://www.tokopedia.com/t-force-official-store/team-elite-ram-sodimm-ddr5-16gb-5600mhz-1736026296779375844,4180000,7300000,0,5.0,0,T-FORCE Official Store,2,Jakarta Utara,tokopedia,ram
100723602708,BIWIN M350 M.2 PCIe NVMe SSD Gen 4x4 - 1000GB 1TB,https://www.tokopedia.com/gamingpcstore/biwin-m350-m-2-pcie-nvme-ssd-gen-4x4-1000gb-1tb-1731868540752528549,3250000,0,0,5.0,0,STAR17 COM,2,Jakarta Selatan,tokopedia,ssd
15132922382,TEAM MP44Q 2TB 3D NAND QLC SSD PCIE 4.0 GEN4 M.2 NVME TM8FFD002T0C101,https://www.tokopedia.com/sportonlineshop/team-mp44q-2tb-3d-nand-qlc-ssd-pcie-4-0-gen4-m-2-nvme-tm8ffd002t0c101,5295000,0,0,5.0,0,SOS SPORT ONLINE SHOP,2,Jakarta Pusat,tokopedia,ssd
12141109082,SSD MSI SPATIUM M480 PRO 1TB PCIe 4.0 Gen4x4 NVMe M.2 2280,https://www.tokopedia.com/eseskomputertasikmalaya/ssd-msi-spatium-m480-pro-1tb-pcie-4-0-gen4x4-nvme-m-2-2280,5549000,0,0,5.0,0,ESES Komputer Tasikmalaya,2,Tasikmalaya,tokopedia,ssd
14907624989,SSD Solid State Drive V-GeN 128GB M.2 NVMe PCle,https://www.tokopedia.com/jaya-komputa/ssd-solid-state-drive-v-gen-128gb-m-2-nvme-pcle,575000,0,0,5.0,0,Jaya Komputa,2,Jakarta Pusat,tokopedia,ssd
11547282335,Lexar SSD NM710 M.2 NVMe 2280 PCIe Gen4x4 - 1TB,https://www.tokopedia.com/eaonlineofficial/lexar-ssd-nm710-m-2-nvme-2280-pcie-gen4x4-1tb,3388000,0,0,5.0,0,EAONLINE,2,Jakarta Barat,tokopedia,ssd
12348756126,WEstern Digital WD BLACK SN850X NVMe 1TB PCie 4.0 M.2 2280 - Resmi,https://www.tokopedia.com/gamingpcstore/western-digital-wd-black-sn850x-nvme-1tb-pcie-4-0-m-2-2280-resmi-1729974386148279461,4299000,0,0,5.0,0,STAR17 COM,2,Jakarta Selatan,tokopedia,ssd
8281297219,SSD Samsung M.2 NVME 990 PRO 1TB PCIE 4.0 GEN 4x4,https://www.tokopedia.com/jaya-komputa/ssd-samsung-m-2-nvme-990-pro-1tb-pcie-4-0-gen-4x4,4900000,0,0,5.0,0,Jaya Komputa,2,Jakarta Pusat,tokopedia,ssd
14876095942,SSD Apacer AS2280Q4X M.2 2280 Pcie Gen4 Nvme 512GB - M2 512 GB,https://www.tokopedia.com/jayapc/ssd-apacer-as2280q4x-m-2-2280-pcie-gen4-nvme-512gb-m2-512-gb,2362000,0,0,5.0,0,Jaya PC,2,Jakarta Pusat,tokopedia,ssd
100072610797,WD Black SSD SN770M M.2 1TB / 2TB PCIe Gen4 NVMe 2230 For ROG Ally & Steam Deck,https://www.tokopedia.com/eaonlineofficial/wd-black-ssd-sn770m-m-2-1tb-2tb-pcie-gen4-nvme-2230-for-rog-ally-steam-deck-1730896089801983423,3483000,0,0,5.0,0,EAONLINE,2,Jakarta Barat,tokopedia,ssd
12195325483,Lexar SSD NM790 M.2 NVMe PCIe 2280 Gen 4X4 - 1TB,https://www.tokopedia.com/eaonlineofficial/lexar-ssd-nm790-m-2-nvme-pcie-2280-gen-4x4-1tb,3761300,0,0,5.0,0,EAONLINE,2,Jakarta Barat,tokopedia,ssd
102118475782,SSD V-GeN Tsunami 1TB 2TB 4TB M.2 NVMe PCle Gen 4.0 x4,https://www.tokopedia.com/intact-official/ssd-v-gen-tsunami-1tb-2tb-4tb-m-2-nvme-pcle-gen-4-0-x4-1732247230746559618,8164500,0,0,5.0,0,Intact Official Store,2,Jakarta Pusat,tokopedia,ssd
16596618402,SSD MSI SPATIUM M450 V1 1TB PCIe 4.0 Gen4x4 NVMe M.2 2280,https://www.tokopedia.com/eseskomputer/ssd-msi-spatium-m450-v1-1tb-pcie-4-0-gen4x4-nvme-m-2-2280-1731191324061893645,3999000,0,0,5.0,0,ESES Komputer,2,Bandung,tokopedia,ssd
102227051547,Teamgroup MP33 256GB M.2 NVMe 2280 Gen3x4 SSD,https://www.tokopedia.com/starcomppurwokerto/teamgroup-mp33-256gb-m-2-nvme-2280-gen3x4-ssd-1732455663365424297,1075000,0,0,5.0,0,Starcomp Purwokerto,2,Kab. Banyumas,tokopedia,ssd
512925444,SSD M2 NVMe Kingston NV2 2TB PCIe 4.0 | Kingston NV2 2TB M.2 NVMe,https://www.tokopedia.com/ctcharco/ssd-m2-nvme-kingston-nv2-2tb-pcie-4-0-kingston-nv2-2tb-m-2-nvme,7216000,0,0,5.0,0,Central Technology Computer,2,Jakarta Pusat,tokopedia,ssd
15551684999,SanDisk SSD Plus M.2 Pcie Gen3 Nvme 2280 2TB - M2 2 TB,https://www.tokopedia.com/jayapc/sandisk-ssd-plus-m-2-pcie-gen3-nvme-2280-2tb-m2-2-tb,8600000,0,0,5.0,0,Jaya PC,2,Jakarta Pusat,tokopedia,ssd
9525288496,WD Green SSD SN350 M.2 Pcie Gen3 Nvme 2280 250GB - WDC M2 250 GB,https://www.tokopedia.com/rajahdd/wd-green-ssd-sn350-m-2-pcie-gen3-nvme-2280-250gb-wdc-m2-250-gb,1305000,0,0,5.0,0,Raja Harddisk,2,Jakarta Pusat,tokopedia,ssd
100102424387,Lexar SSD NM610 PRO M.2 NVMe PCIe 2280 Gen 3x4 - 2TB,https://www.tokopedia.com/lexar-indonesia/lexar-ssd-nm610-pro-m-2-nvme-pcie-2280-gen-3x4-2tb-1729717237767571611,5353400,7500000,0,5.0,0,Lexar Indonesia,2,Jakarta Pusat,tokopedia,ssd
13151430277,SSD V-GEN HYPER 512GB M.2 NVME PCIE 3X4 2280 GEN 3,https://www.tokopedia.com/starcomppurwokerto/ssd-v-gen-hyper-512gb-m-2-nvme-pcie-3x4-2280-gen-3-1731566342176277673,1785000,0,0,5.0,0,Starcomp Purwokerto,2,Kab. Banyumas,tokopedia,ssd
8116651085,Kingston SSD KC3000 PCIe 4.0 NVMe M.2 1024GB 1TB,https://www.tokopedia.com/gamingpcstore/kingston-ssd-kc3000-pcie-4-0-nvme-m-2-1024gb-1tb,4280000,0,0,5.0,0,STAR17 COM,2,Jakarta Selatan,tokopedia,ssd
13876773217,ACER PREDATOR GM7000 1TB SSD PCIE 4.0 GEN4 M.2 NVME GM7000-1TB,https://www.tokopedia.com/sportonlineshop/acer-predator-gm7000-1tb-ssd-pcie-4-0-gen4-m-2-nvme-gm7000-1tb,4380000,0,0,5.0,0,SOS SPORT ONLINE SHOP,2,Jakarta Pusat,tokopedia,ssd
12547505797,TRANSCEND MTE410S 512GB SSD PCIE 4.0 GEN4 M.2 2242 NVME TS512GMTE410S,https://www.tokopedia.com/sportonlineshop/transcend-mte410s-512gb-ssd-pcie-4-0-gen4-m-2-2242-nvme-ts512gmte410s,3230000,0,0,5.0,0,SOS SPORT ONLINE SHOP,2,Jakarta Pusat,tokopedia,ssd
11797383629,Lexar SSD NM610 PRO M.2 2280 NVMe PCIe Gen 3.0 1TB - SSD 1 TB,https://www.tokopedia.com/lexarindonesia/lexar-ssd-nm610-pro-m-2-2280-nvme-pcie-gen-3-0-1tb-ssd-1-tb-1731220385546798771,3216500,5000000,0,5.0,0,Lexar Indonesia Official,2,Jakarta Pusat,tokopedia,ssd
14851577546,MSI SSD SPATIUM M371 PCIe 3.0 x4 NVMe M.2 1TB 1 TB Gen3,https://www.tokopedia.com/outletpcid/msi-ssd-spatium-m371-pcie-3-0-x4-nvme-m-2-1tb-1-tb-gen3,2880000,0,0,5.0,0,outletPC.id,2,Medan,tokopedia,ssd
14876276948,KINGSTON NV3 1TB SSD M.2 NVME PCIE 4.0 GEN4 SNV3S/1000G,https://www.tokopedia.com/sportonlineshop/kingston-nv3-1tb-ssd-m-2-nvme-pcie-4-0-gen4-snv3s-1000g,3380000,0,0,5.0,0,SOS SPORT ONLINE SHOP,2,Jakarta Pusat,tokopedia,ssd
15132913741,TEAM MP44Q 1TB 3D NAND QLC SSD PCIE 4.0 GEN4 M.2 NVME TM8FFD001T0C101,https://www.tokopedia.com/sportonlineshop/team-mp44q-1tb-3d-nand-qlc-ssd-pcie-4-0-gen4-m-2-nvme-tm8ffd001t0c101,3205000,0,0,5.0,0,SOS SPORT ONLINE SHOP,2,Jakarta Pusat,tokopedia,ssd
15945704792,TEAM T-FORCE G70 PRO 1TB 3D NAND SLC SSD PCIE 4.0 GEN4 M.2 NVME TM8FFH001T0C129,https://www.tokopedia.com/sportonlineshop/team-t-force-g70-pro-1tb-3d-nand-slc-ssd-pcie-4-0-gen4-m-2-nvme-tm8ffh001t0c129,3755000,0,0,5.0,0,SOS SPORT ONLINE SHOP,2,Jakarta Pusat,tokopedia,ssd
495074016,V-GeN SSD M.2 NVme 1TB - Hyper Series,https://www.tokopedia.com/enterkomputer/v-gen-ssd-m-2-nvme-1tb-hyper-series,3706000,0,0,5.0,0,Enter Komputer Official,2,Jakarta Pusat,tokopedia,ssd
16489552900,SSD MSI SPATIUM M470 PRO 1TB PCIe 4.0 Gen4x4 NVMe M.2 2280,https://www.tokopedia.com/eseskomputer/ssd-msi-spatium-m470-pro-1tb-pcie-4-0-gen4x4-nvme-m-2-2280-1731051433477637133,4999000,0,0,5.0,0,ESES Komputer,2,Bandung,tokopedia,ssd
496076706,SSD M.2 NVMe 512gb V-GeN | Solid State Drive M2 PCIe 512 GB VGEN Hyper,https://www.tokopedia.com/hosanacomp/ssd-m-2-nvme-512gb-v-gen-solid-state-drive-m2-pcie-512-gb-vgen-hyper,1750000,0,0,5.0,0,HOSANA COMPUTER,2,Jakarta Pusat,tokopedia,ssd
102968684344,SSD Acer FA200 500GB 1TB PCIe 4.0 Gen4x4 NVMe M.2 2280,https://www.tokopedia.com/eseskomputer/ssd-acer-fa200-500gb-1tb-pcie-4-0-gen4x4-nvme-m-2-2280-1734280705229096528,3699000,0,0,5.0,0,ESES Komputer,2,Bandung,tokopedia,ssd
8458505443,Ace Power SSD N1 NVME 512GB M.2 2280 GEN3 x4 - Solid State Drive,https://www.tokopedia.com/gamingpcstore/ace-power-ssd-n1-nvme-512gb-m-2-2280-gen3-x4-solid-state-drive,1745000,0,0,5.0,0,STAR17 COM,2,Jakarta Selatan,tokopedia,ssd
15967391893,ADATA SSD LEGEND 900 NVME M.2 1TB 2280 PCIE 4.0 GEN4 X4 1 TB Gen4x4,https://www.tokopedia.com/outletpcid/adata-ssd-legend-900-nvme-m-2-1tb-2280-pcie-4-0-gen4-x4-1-tb-gen4x4,3328000,0,0,5.0,0,outletPC.id,2,Medan,tokopedia,ssd
16229584451,ADATA LEGEND 860 1TB SSD PCIE 4.0 GEN4 M.2 NVME,https://www.tokopedia.com/sportonlineshop/adata-legend-860-1tb-ssd-pcie-4-0-gen4-m-2-nvme-1730854673191044574,3095000,0,0,5.0,0,SOS SPORT ONLINE SHOP,2,Jakarta Pusat,tokopedia,ssd
16489692109,SSD MSI SPATIUM M470 PRO 2TB PCIe 4.0 Gen4x4 NVMe M.2 2280,https://www.tokopedia.com/eseskomputertasikmalaya/ssd-msi-spatium-m470-pro-2tb-pcie-4-0-gen4x4-nvme-m-2-2280-1731051569659938307,7665000,0,0,5.0,0,ESES Komputer Tasikmalaya,2,Tasikmalaya,tokopedia,ssd
16190123270,MSI SPATIUM M470 PRO 2TB SSD PCIE 4.0 GEN4 M.2 NVME,https://www.tokopedia.com/sportonlineshop/msi-spatium-m470-pro-2tb-ssd-pcie-4-0-gen4-m-2-nvme-1730836308918371806,7250000,0,0,5.0,0,SOS SPORT ONLINE SHOP,2,Jakarta Pusat,tokopedia,ssd
16291548882,WD Black SSD SN7100 M.2 Pcie Gen4 Nvme 1TB,https://www.tokopedia.com/pazcom/wd-black-ssd-sn7100-m-2-pcie-gen4-nvme-1tb-1730891881749186277,3735000,0,0,5.0,0,Pazcom,2,Jakarta Pusat,tokopedia,ssd
13795531558,SSD WD Green SN350 250GB M.2 Pcie Gen3 Nvme 2280,https://www.tokopedia.com/jaya-komputa/ssd-wd-green-sn350-250gb-m-2-pcie-gen3-nvme-2280,1290000,0,0,5.0,0,Jaya Komputa,2,Jakarta Pusat,tokopedia,ssd
3667994628,SSD WD Green SN350 480GB - SSD M.2 NVMe PCIe,https://www.tokopedia.com/rajahdd/ssd-wd-green-sn350-480gb-ssd-m-2-nvme-pcie,2270000,0,0,5.0,0,Raja Harddisk,2,Jakarta Pusat,tokopedia,ssd
100102695182,Lexar SSD NM620 M.2 NVMe PCIe 2880 Gen 3x4 - 2TB,https://www.tokopedia.com/lexar-indonesia/lexar-ssd-nm620-m-2-nvme-pcie-2880-gen-3x4-2tb-1729722616433903771,6485600,7500000,0,5.0,0,Lexar Indonesia,2,Jakarta Pusat,tokopedia,ssd
12281307988,SSD MSI SPATIUM M450 500GB PCIe 4.0 Gen4x4 NVMe M.2 2280,https://www.tokopedia.com/eseskomputertasikmalaya/ssd-msi-spatium-m450-500gb-pcie-4-0-gen4x4-nvme-m-2-2280,2199000,0,0,5.0,0,ESES Komputer Tasikmalaya,2,Tasikmalaya,tokopedia,ssd
4784285864,SSD Apacer AS2280P4 M.2 2280 Pcie Gen3 Nvme 256GB - M2 256 GB,https://www.tokopedia.com/jayapc/ssd-apacer-as2280p4-m-2-2280-pcie-gen3-nvme-256gb-m2-256-gb,1054900,1134000,0,5.0,0,Jaya PC,2,Jakarta Pusat,tokopedia,ssd
103444711049,Lexar SSD NM620 M.2 NVMe PCIe 2280 Gen 3x4 - 256GB / 512GB / 1TB / 2TB,https://www.tokopedia.com/exthetic/lexar-ssd-nm620-m-2-nvme-pcie-2280-gen-3x4-256gb-1735896279265871600,1273700,1500000,0,5.0,0,Exthetic Official Store,2,Jakarta Barat,tokopedia,ssd
447026413,SSD M.2 NVME V-GeN 256GB GARANSI,https://www.tokopedia.com/vgenofficialstore/ssd-m-2-nvme-v-gen-256gb-garansi-1731720842052339352,966500,0,0,5.0,0,V-GeN Official Store Surabaya,2,Surabaya,tokopedia,ssd
16016124114,Lexar SSD NM620 M.2 NVMe PCIe 2280 Gen 3x4 - 512GB,https://www.tokopedia.com/teknologi-daring-official/lexar-ssd-nm620-m-2-nvme-pcie-2280-gen-3x4-512gb,2340000,2900000,0,5.0,0,Teknologi Daring Official,2,Jakarta Barat,tokopedia,ssd
11830050529,SSD VenomRX Super 256GB NVME M.2 2280 PCIe Gen 3x4,https://www.tokopedia.com/reformasicompute/ssd-venomrx-super-256gb-nvme-m-2-2280-pcie-gen-3x4,1038000,0,0,5.0,0,Reformasi Computer,2,Jakarta Barat,tokopedia,ssd
15807445237,SAMSUNG 990 EVO PLUS 1TB SSD PCIE5 GEN5 M.2 NVME MZ-V9S1T0BW,https://www.tokopedia.com/sportonlineshop/samsung-990-evo-plus-1tb-ssd-pcie5-gen5-m-2-nvme-mz-v9s1t0bw,5660000,0,0,5.0,0,SOS SPORT ONLINE SHOP,2,Jakarta Pusat,tokopedia,ssd
13876738846,ACER PREDATOR GM7000 512GB SSD PCIE 4.0 GEN4 M.2 NVME GM7000-512GB,https://www.tokopedia.com/sportonlineshop/acer-predator-gm7000-512gb-ssd-pcie-4-0-gen4-m-2-nvme-gm7000-512gb,2520000,0,0,5.0,0,SOS SPORT ONLINE SHOP,2,Jakarta Pusat,tokopedia,ssd
11741017473,CORSAIR MP600 PRO LPX 1TB WHITE PCIE GEN4 NVME M2 CSSD-F1000GBMP600PLP,https://www.tokopedia.com/sportonlineshop/corsair-mp600-pro-lpx-1tb-white-pcie-gen4-nvme-m2-cssd-f1000gbmp600plp,3999000,0,0,5.0,0,SOS SPORT ONLINE SHOP,2,Jakarta Pusat,tokopedia,ssd
366199580,TRANSCEND SSD MTE110S 128GB M.2 PCIe NVMe,https://www.tokopedia.com/sportonlineshop/transcend-ssd-mte110s-128gb-m-2-pcie-nvme,1130000,0,0,5.0,0,SOS SPORT ONLINE SHOP,2,Jakarta Pusat,tokopedia,ssd
16516519735,MSI SPATIUM M560 1TB SSD PCIE5 GEN5 M.2 NVME,https://www.tokopedia.com/sportonlineshop/msi-spatium-m560-1tb-ssd-pcie5-gen5-m-2-nvme-1731082913221019102,5320000,0,0,5.0,0,SOS SPORT ONLINE SHOP,2,Jakarta Pusat,tokopedia,ssd
9416615621,CORSAIR MP600 CORE XT 1TB SSD PCIE 4.0 GEN4 NVME CSSD-F1000GBMP600CXT,https://www.tokopedia.com/sportonlineshop/corsair-mp600-core-xt-1tb-ssd-pcie-4-0-gen4-nvme-cssd-f1000gbmp600cxt,3790000,0,0,5.0,0,SOS SPORT ONLINE SHOP,2,Jakarta Pusat,tokopedia,ssd
16016243921,Lexar SSD NM790 M.2 NVMe PCIe 2280 Gen 4X4 - 1TB,https://www.tokopedia.com/teknologi-daring-official/lexar-ssd-nm790-m-2-nvme-pcie-2280-gen-4x4-1tb,3761300,5068200,0,5.0,0,Teknologi Daring Official,2,Jakarta Barat,tokopedia,ssd
100102491989,Lexar SSD NM620 M.2 NVMe PCIe 2280 Gen 3x4 - 512GB Storage,https://www.tokopedia.com/lexar-indonesia/lexar-ssd-nm620-m-2-nvme-pcie-2280-gen-3x4-512gb-storage-1729722614311717019,2073900,2400000,0,5.0,0,Lexar Indonesia,2,Jakarta Pusat,tokopedia,ssd
100492857961,SSD V-GeN Hyper 512GB M.2 NVMe PCIe Gen3.0x4 - SSD VGEN 512 GB M2 NVME,https://www.tokopedia.com/intact-official/ssd-v-gen-hyper-512gb-m-2-nvme-pcie-gen3-0x4-ssd-vgen-512-gb-m2-nvme-1729588837619370114,1777000,0,0,5.0,0,Intact Official Store,2,Jakarta Pusat,tokopedia,ssd
16596623828,SSD MSI SPATIUM M450 V1 1TB PCIe 4.0 Gen4x4 NVMe M.2 2280,https://www.tokopedia.com/eseskomputertasikmalaya/ssd-msi-spatium-m450-v1-1tb-pcie-4-0-gen4x4-nvme-m-2-2280-1731191352662197763,3999000,0,0,5.0,0,ESES Komputer Tasikmalaya,2,Tasikmalaya,tokopedia,ssd
1990723596,SSD Nvme Kingston NV1 1TB M.2 NVMe 2280,https://www.tokopedia.com/ctcharco/ssd-nvme-kingston-nv1-1tb-m-2-nvme-2280,7550000,0,0,5.0,0,Central Technology Computer,2,Jakarta Pusat,tokopedia,ssd
2211871769,TEAMGROUP MP33 1TB SLC 3D NAND TLC NVMe 1.3 PCIe Gen3x4 M.2 2280,https://www.tokopedia.com/gamingpcstore/teamgroup-mp33-1tb-slc-3d-nand-tlc-nvme-1-3-pcie-gen3x4-m-2-2280,3440000,0,0,5.0,0,STAR17 COM,2,Jakarta Selatan,tokopedia,ssd
16419042206,ADATA SSD LEGEND 860 NVME M.2 500GB 2280 PCIE 4.0 GEN4 X4 500 GB 500G Gen4x4,https://www.tokopedia.com/outletpcid/adata-ssd-legend-860-nvme-m-2-500gb-2280-pcie-4-0-gen4-x4-500-gb-500g-gen4x4-1730994126608304000,1888000,0,0,5.0,0,outletPC.id,2,Medan,tokopedia,ssd
3482880127,KINGSTON KC3000 512GB SSD PCIE 4.0 GEN4 M.2 NVME SKC3000S/512G,https://www.tokopedia.com/sportonlineshop/kingston-kc3000-512gb-ssd-pcie-4-0-gen4-m-2-nvme-skc3000s-512g,3599000,0,0,5.0,0,SOS SPORT ONLINE SHOP,2,Jakarta Pusat,tokopedia,ssd
11719010035,Lexar SSD NM620 M.2 NVMe PCIe 2280 Gen 3x4 - 512GB,https://www.tokopedia.com/eaonlineofficial/lexar-ssd-nm620-m-2-nvme-pcie-2280-gen-3x4-512gb,2340000,0,0,5.0,0,EAONLINE,2,Jakarta Barat,tokopedia,ssd
16196611125,MSI SPATIUM M470 PRO 1TB SSD PCIE 4.0 GEN4 M.2 NVME,https://www.tokopedia.com/redteknologi/msi-spatium-m470-pro-1tb-ssd-pcie-4-0-gen4-m-2-nvme-1730838475078600446,5102500,0,0,5.0,0,RedTeknologi-Redcom,2,Jakarta Barat,tokopedia,ssd
16481134950,ADATA SSD LEGEND 860 NVME M.2 1TB 2280 PCIE 4.0 GEN4 X4 1 TB 1T 1-TB Gen4x4 1000GB 1000,https://www.tokopedia.com/outletpcid/adata-ssd-legend-860-nvme-m-2-1tb-2280-pcie-4-0-gen4-x4-1-tb-1t-1-tb-gen4x4-1000gb-1000-1731042367848220544,3088000,0,0,5.0,0,outletPC.id,2,Medan,tokopedia,ssd
11946692111,Lexar SSD NM710 M.2 NVMe 2280 PCIe Gen4x4 - 1TB,https://www.tokopedia.com/exthetic/lexar-ssd-nm710-m-2-nvme-2280-pcie-gen4x4-1tb,3388000,3590000,0,5.0,0,Exthetic Official Store,2,Jakarta Barat,tokopedia,ssd
16085807099,SSD TEAM MP33 M.2 PCIe NVME 256GB [TM8FP6256G0C101],https://www.tokopedia.com/redteknologi/ssd-team-mp33-m-2-pcie-nvme-256gb-tm8fp6256g0c101-1730803331916531454,1140000,0,0,5.0,0,RedTeknologi-Redcom,2,Jakarta Barat,tokopedia,ssd
7159767385,TEAM MP44L 1TB SSD PCIE 4.0 GEN4 M.2 NVME TM8FPK001T0C101,https://www.tokopedia.com/sportonlineshop/team-mp44l-1tb-ssd-pcie-4-0-gen4-m-2-nvme-tm8fpk001t0c101,3205000,0,0,5.0,0,SOS SPORT ONLINE SHOP,2,Jakarta Pusat,tokopedia,ssd
16419056634,ADATA SSD LEGEND 860 NVME M.2 2TB 2280 PCIE 4.0 GEN4 X4 2 TB 2T 2-TB Gen4x4 2000GB 2000,https://www.tokopedia.com/outletpcid/adata-ssd-legend-860-nvme-m-2-2tb-2280-pcie-4-0-gen4-x4-2-tb-2t-2-tb-gen4x4-2000gb-2000-1730994135504488320,5558000,0,0,5.0,0,outletPC.id,2,Medan,tokopedia,ssd
9189589391,TRANSCEND MTE400S 1TB SSD PCIE 3.0 GEN3 M.2 2242 NVME TS1TMTE400S,https://www.tokopedia.com/sportonlineshop/transcend-mte400s-1tb-ssd-pcie-3-0-gen3-m-2-2242-nvme-ts1tmte400s,6275000,0,0,5.0,0,SOS SPORT ONLINE SHOP,2,Jakarta Pusat,tokopedia,ssd
100101538870,Lexar SSD NM620 M.2 NVMe PCIe 2280 Gen 3x4 - 256GB,https://www.tokopedia.com/lexar-indonesia/lexar-ssd-nm620-m-2-nvme-pcie-2280-gen-3x4-256gb-1729722575167522971,1428100,1600000,0,5.0,0,Lexar Indonesia,2,Jakarta Pusat,tokopedia,ssd
6716615035,SSD M2 NVMe Kingston NV2 250GB PCIe 4.0 | Kingston NV2 250GB M.2 NVMe,https://www.tokopedia.com/ctcharco/ssd-m2-nvme-kingston-nv2-250gb-pcie-4-0-kingston-nv2-250gb-m-2-nvme,8520000,0,0,5.0,0,Central Technology Computer,2,Jakarta Pusat,tokopedia,ssd
7999341292,SSD APACER AS2280P4 M.2 PCIe Gen3 x4 1TB NVMe 1 TB - Storage,https://www.tokopedia.com/outletpcid/apacer-ssd-as2280p4-m-2-pcie-gen3-x4-1tb-nvme-1-tb-1t,2848000,0,0,5.0,0,outletPC.id,2,Medan,tokopedia,ssd
9520651114,SSD MSI SPATIUM M461 2TB PCIe 4.0 Gen4x4 NVMe M.2 2280,https://www.tokopedia.com/eseskomputertasikmalaya/ssd-msi-spatium-m461-2tb-pcie-4-0-gen4x4-nvme-m-2-2280,6949000,0,0,5.0,0,ESES Komputer Tasikmalaya,2,Tasikmalaya,tokopedia,ssd
10556825050,SSD V-GeN Hyper Pro 512GB 1TB 2TB M.2 NVMe PCle Gen 3.0x4 With DRAM,https://www.tokopedia.com/v-genindonesia/ssd-v-gen-hyper-pro-512gb-1tb-2tb-m-2-nvme-pcle-gen-3-0x4-with-dram-heatsink-512gb-83793,1989000,0,0,5.0,0,V-GeN Indonesia Official Store,2,Jakarta Pusat,tokopedia,ssd
7433748850,SAMSUNG 990 PRO 1TB SSD PCIE 4.0 GEN4 M.2 NVME MZ-V9P1T0BW,https://www.tokopedia.com/sportonlineshop/samsung-990-pro-1tb-ssd-pcie-4-0-gen4-m-2-nvme-mz-v9p1t0bw,6120000,0,0,5.0,0,SOS SPORT ONLINE SHOP,2,Jakarta Pusat,tokopedia,ssd
15550904193,SanDisk SSD Internal PLUS 500GB 1TB 2TB M.2 NVMe PCIe Gen 3.0 3200MB/s Garansi Resmi,https://www.tokopedia.com/doran-gadget-official/sandisk-ssd-internal-plus-500gb-1tb-2tb-m-2-nvme-pcie-gen-3-0-3200mb-s-garansi-resmi-1tb-f9ff8,4407700,0,0,5.0,0,Doran Gadget Official,2,Jakarta Pusat,tokopedia,ssd
100101084122,Lexar SSD NM790 M.2 NVMe PCIe 2280 Gen 4X4 - 1TB,https://www.tokopedia.com/lexar-indonesia/lexar-ssd-nm790-m-2-nvme-pcie-2280-gen-4x4-1tb-1729863608993810587,3582190,5000000,0,5.0,0,Lexar Indonesia,2,Jakarta Pusat,tokopedia,ssd
12820686933,Lexar NM790 2TB NVMe 2TB Lexar SSD 2TB NVMe PCIe Gen4x4 PS5,https://www.tokopedia.com/digitalzone/lexar-nm790-2tb-nvme-2tb-lexar-ssd-2tb-nvme-pcie-gen4x4-ps5-non-heatsink-7ccd2,5799000,0,0,5.0,0,DIGITAL ZONE_NEW,2,Jakarta Pusat,tokopedia,ssd
100778650486,Teamgroup SSD M.2 T-FORCE G50 1TB (1000GB) PCIe Gen4x4 with NVMe,https://www.tokopedia.com/gamingpcstore/teamgroup-ssd-m-2-t-force-g50-1tb-1000gb-pcie-gen4x4-with-nvme-1731953316439295141,3475000,0,0,5.0,0,STAR17 COM,2,Jakarta Selatan,tokopedia,ssd
12641489418,CORSAIR MP600 ELITE 1TB PCIe Gen4 x4 NVMe 1.4 M.2 SSD,https://www.tokopedia.com/corsair-official-store/corsair-mp600-elite-1tb-pcie-gen4-x4-nvme-1-4-m-2-ssd,3949000,0,0,5.0,0,Corsair Official Store,2,Jakarta Pusat,tokopedia,ssd
5708819224,MSI Spatium M450 M.2 V1 NVMe PCIe Gen4 x4 500GB / SSD 500GB,https://www.tokopedia.com/rajahdd/msi-spatium-m450-m-2-v1-nvme-pcie-gen4-x4-500gb-ssd-500gb-1729991945080178465,2150000,0,0,5.0,0,Raja Harddisk,2,Jakarta Pusat,tokopedia,ssd
13151443754,SSD V-GEN HYPER 128GB M.2 NVME PCIE 3X4 2280 GEN 3,https://www.tokopedia.com/starcomppurwokerto/ssd-v-gen-hyper-128gb-m-2-nvme-pcie-3x4-2280-gen-3-1731566392386094249,548000,0,0,5.0,0,Starcomp Purwokerto,2,Semarang,tokopedia,ssd
15801792832,WD Blue SSD SN5000 1TB M.2 Pcie Gen4 Nvme 2280 1 TB,https://www.tokopedia.com/rajahdd/wd-blue-ssd-sn5000-1tb-m-2-pcie-gen4-nvme-2280-1-tb,3855000,3885000,0,5.0,0,Raja Harddisk,2,Jakarta Pusat,tokopedia,ssd
10335647250,ADATA XPG GAMMIX S70 BLADE 2TB SSD PCIE 4.0 GEN4 M.2 NVME,https://www.tokopedia.com/sportonlineshop/adata-xpg-gammix-s70-blade-2tb-ssd-pcie-4-0-gen4-m-2-nvme,6395000,0,0,5.0,0,SOS SPORT ONLINE SHOP,2,Jakarta Pusat,tokopedia,ssd
11830104987,SSD VenomRX Super 128GB / 256GB / 1TB NVME M.2 2280 PCIe Gen 3x4,https://www.tokopedia.com/reformasicompute/ssd-venomrx-super-128gb-256gb-1tb-nvme-m-2-2280-pcie-gen-3x4-256gb-2b21b,1038000,0,0,5.0,0,Reformasi Computer,2,Jakarta Barat,tokopedia,ssd
15700640030,VGEN Solid State Drive 2TB M.2 NVMe PCIe Gen 3.0 - SSD VGEN M2 NVME,https://www.tokopedia.com/v-genindonesia/vgen-solid-state-drive-2tb-m-2-nvme-pcie-gen-3-0-ssd-vgen-m2-nvme-ssd-free-baut-90659,6358000,0,0,5.0,0,V-GeN Indonesia Official Store,2,Jakarta Pusat,tokopedia,ssd
10689950414,ADATA LEGEND 710 256GB SSD NVME PCIe Gen3x4 M.2 2280,https://www.tokopedia.com/starcomppurwokerto/adata-legend-710-256gb-ssd-nvme-pcie-gen3x4-m-2-2280-1731566342161532073,1135000,0,0,5.0,0,Starcomp Purwokerto,2,Semarang,tokopedia,ssd
7151194659,SSD M2 Nvme Kingston FURY Renegade 1TB PCIe 4.0 - SSD NVMe M.2 2280,https://www.tokopedia.com/ctcharco/ssd-m2-nvme-kingston-fury-renegade-1tb-pcie-4-0-ssd-nvme-m-2-2280-ssd-only,11870000,0,0,5.0,0,Central Technology Computer,2,Jakarta Pusat,tokopedia,ssd
11946522961,SSD M.2 NVME 256GB Midasforce Lightning Max PCIe Gen3 x4,https://www.tokopedia.com/jaya-komputa/ssd-m-2-nvme-256gb-midasforce-lightning-max-pcie-gen3-x4,960000,0,0,5.0,0,Jaya Komputa,2,Jakarta Pusat,tokopedia,ssd
13841421748,UPGRADE SSD NVME GEN 3 & GEN 4,https://www.tokopedia.com/decacom/upgrade-ssd-nvme-gen-3-gen-4-ssd-256gb-gen-3-aa8a7,999000,1299000,0,5.0,0,Deca Computer,2,Jakarta Utara,tokopedia,ssd
100102037926,Lexar SSD NM790 M.2 NVMe PCIe 2280 Gen 4X4 - 4TB,https://www.tokopedia.com/lexar-indonesia/lexar-ssd-nm790-m-2-nvme-pcie-2280-gen-4x4-4tb-1729863651993290907,13146500,14500000,0,5.0,0,Lexar Indonesia,2,Jakarta Pusat,tokopedia,ssd
11553499299,Lexar NM790 SSD 2TB PCIe Gen4 NVMe M.2 2280 SSD Solid State Drive,https://www.tokopedia.com/gamingpcstore/lexar-nm790-ssd-2tb-pcie-gen4-nvme-m-2-2280-ssd-solid-state-drive,6160000,0,0,5.0,0,STAR17 COM,2,Jakarta Selatan,tokopedia,ssd
100492850558,SSD V-GeN Hyper 128GB M.2 NVMe PCIe Gen3.0x4 - SSD VGEN 128 GB M2 NVME,https://www.tokopedia.com/intact-official/ssd-v-gen-hyper-128gb-m-2-nvme-pcie-gen3-0x4-ssd-vgen-128-gb-m2-nvme-1729587866244581506,522500,0,0,5.0,0,Intact Official Store,2,Jakarta Pusat,tokopedia,ssd
3482990127,KINGSTON KC3000 1024GB 1TB SSD PCIE 4.0 GEN4 M.2 NVME SKC3000S/1024G,https://www.tokopedia.com/sportonlineshop/kingston-kc3000-1024gb-1tb-ssd-pcie-4-0-gen4-m-2-nvme-skc3000s-1024g,4330000,0,0,5.0,0,SOS SPORT ONLINE SHOP,2,Jakarta Pusat,tokopedia,ssd
5533453655,Adata XPG GAMMIX S70 BLADE 2TB Nvme PCIe Gen4x4 M.2 2280 SSD,https://www.tokopedia.com/gamingpcstore/adata-xpg-gammix-s70-blade-2tb-nvme-pcie-gen4x4-m-2-2280-ssd,6999000,0,0,5.0,0,STAR17 COM,2,Jakarta Selatan,tokopedia,ssd
12825088773,MSI SPATIUM M371 500GB SSD NVMe M.2 PCIe Gen3x4 - Garansi 5 tahun,https://www.tokopedia.com/gamingpcstore/msi-spatium-m371-500gb-ssd-nvme-m-2-pcie-gen3x4-garansi-5-tahun,2048000,0,0,5.0,0,STAR17 COM,2,Jakarta Selatan,tokopedia,ssd
102418046122,Lexar SSD NQ780 Pcie 4.0 NVMe M.2 2TB - LNQ780 2 TB,https://www.tokopedia.com/lexarindonesia/lexar-ssd-nq780-pcie-4-0-nvme-m-2-2tb-lnq780-2-tb-1732864448566625971,6186500,9000000,0,5.0,0,Lexar Indonesia Official,2,Jakarta Pusat,tokopedia,ssd
16121543877,SSD ADATA LEGEND 860 2TB NVME PCIE 4.0 | SSD NVME Gen4 2TB,https://www.tokopedia.com/redteknologi/ssd-adata-legend-860-2tb-nvme-pcie-4-0-ssd-nvme-gen4-2tb-1730816965701175038,5875000,0,0,5.0,0,RedTeknologi-Redcom,2,Jakarta Barat,tokopedia,ssd
9648185490,Lexar SSD NM620 256GB M.2 NVME PCIe Gen3 x4,https://www.tokopedia.com/gamingpcstore/lexar-ssd-nm620-256gb-m-2-nvme-pcie-gen3-x4,1280000,0,0,5.0,0,STAR17 COM,2,Jakarta Selatan,tokopedia,ssd
15628463664,"ADATA XPG Gaming GAMMIX S70 BLADE 512GB PCIe 4.0 M.2 [NVMe,Gen 4]",https://www.tokopedia.com/imbapc/adata-xpg-gaming-gammix-s70-blade-512gb-pcie-4-0-m-2-nvme-gen-4,2150000,0,0,5.0,0,IMBA PC,2,Jakarta Utara,tokopedia,ssd
13873982335,ACER FA100 256GB 3D NAND SLC SSD PCIE 3.0 GEN3 M.2 NVME FA100-256GB,https://www.tokopedia.com/sportonlineshop/acer-fa100-256gb-3d-nand-slc-ssd-pcie-3-0-gen3-m-2-nvme-fa100-256gb,1435000,0,0,5.0,0,SOS SPORT ONLINE SHOP,2,Jakarta Pusat,tokopedia,ssd
15967344795,ADATA SSD LEGEND 900 NVME M.2 512GB 2280 PCIE 4.0  GEN4 X4 512 GB Gen4x4,https://www.tokopedia.com/outletpcid/adata-ssd-legend-900-nvme-m-2-512gb-2280-pcie-4-0-gen4-x4-512-gb-gen4x4,2050000,0,0,5.0,0,outletPC.id,2,Medan,tokopedia,ssd
102323740987,Lexar SSD NQ780 Pcie 4.0 NVMe M.2 1TB - LNQ780 1 TB,https://www.tokopedia.com/lexarindonesia/lexar-ssd-nq780-pcie-4-0-nvme-m-2-1tb-lnq780-1-tb-1732639516683175603,3596500,6000000,0,5.0,0,Lexar Indonesia Official,2,Jakarta Pusat,tokopedia,ssd
15901922412,ADATA LEGEND 710 SSD M.2 NVME PCIe Gen3x4 - 1 TB,https://www.tokopedia.com/pazcom/adata-legend-710-ssd-m-2-nvme-pcie-gen3x4-1-tb,2949900,2950000,0,5.0,0,Pazcom,2,Jakarta Pusat,tokopedia,ssd
15077111289,SSD ADATA LEGEND 710 1TB M.2 NVME PCIe Gen3x4,https://www.tokopedia.com/redteknologi/ssd-adata-legend-710-1tb-m-2-nvme-pcie-gen3x4,2925000,0,0,5.0,0,RedTeknologi-Redcom,2,Jakarta Barat,tokopedia,ssd
11752206342,SSD MSI SPATIUM M371 500GB | 1TB | 2TB PCIe 3.0 Gen3 X4 NVMe M.2,https://www.tokopedia.com/ctcharco/ssd-msi-spatium-m371-500gb-1tb-2tb-pcie-3-0-gen3-x4-nvme-m-2-500gb-7bbe1,3819000,0,0,5.0,0,Central Technology Computer,2,Jakarta Pusat,tokopedia,ssd
745274772,SSD PNY M.2 250GB CS3030 NVMe PCIe Gen 3x4 M2 CS3030 250GB,https://www.tokopedia.com/ctcharco/ssd-pny-m-2-250gb-cs3030-nvme-pcie-gen-3x4-m2-cs3030-250gb,5770000,0,0,4.0,0,Central Technology Computer,2,Jakarta Pusat,tokopedia,ssd
9907430444,Samsung SSD 990 PRO 2TB / M.2 PCIe Gen 4 NVMe 2.0 / 5 Years Warranty,https://www.tokopedia.com/jaya-komputa/samsung-ssd-990-pro-2tb-m-2-pcie-gen-4-nvme-2-0-5-years-warranty,11980000,0,0,5.0,0,Jaya Komputa,2,Jakarta Pusat,tokopedia,ssd
102919727401,SSD NVMe 2230 256GB NVMe 512GB 2230,https://www.tokopedia.com/houseofit/ssd-nvme-2230-256gb-nvme-512gb-2230-1734157202947212769,1299000,0,0,5.0,0,House Of IT,2,Jakarta Pusat,tokopedia,ssd
102495959490,Sandisk WD Blue SSD SN5100 M.2 Pcie Gen4 NVMe 2280 500GB - M2 500 GB,https://www.tokopedia.com/jaya-komputa/sandisk-wd-blue-ssd-sn5100-m-2-pcie-gen4-nvme-2280-500gb-m2-500-gb-1733023366313773054,2250000,0,0,5.0,0,Jaya Komputa,2,Jakarta Pusat,tokopedia,ssd
1128542349,NVMe 2TB PCIe Gen4 x4 SSD M.2 Gen4.0 Gen 4 M2 VGEN TSUNAMI 2 TB V-GEN,https://www.tokopedia.com/semuav-gen/nvme-2tb-pcie-gen4-x4-ssd-m-2-gen4-0-gen-4-m2-vgen-tsunami-2-tb-v-gen,7522476,0,0,5.0,0,Semua V-GeN,2,Kab. Tangerang,tokopedia,ssd
100263333180,SSD TEAM MP44L 2TB - SSD NVMe 2TB PCIe 4.0 - Garansi Resmi 5 Tahun,https://www.tokopedia.com/houseofit/ssd-team-mp44l-2tb-ssd-nvme-2tb-pcie-4-0-garansi-resmi-5-tahun-1731133116006172129,5999000,0,0,5.0,0,House Of IT,2,Jakarta Pusat,tokopedia,ssd
13910394737,Acer Predator GM7 SSD 512GB 1TB 2TB 4TB - M.2 2280 NVMe PCIe Gen4.0 x4 SSD,https://www.tokopedia.com/d-m-i/acer-predator-gm7-ssd-512gb-1tb-2tb-4tb-m-2-2280-nvme-pcie-gen4-0-x4-ssd-512gb-d16cb,2355000,0,0,5.0,0,Duta Mandiri Infokom,2,Jakarta Pusat,tokopedia,ssd
10917634979,SSD KYO KAIZEN M.2 NVMe 256GB PCIe Gen3 x4 2280 SSD NVMe Gen 3,https://www.tokopedia.com/kyo-official/ssd-kyo-kaizen-m-2-nvme-256gb-pcie-gen3-x4-2280-ssd-nvme-gen-3,1054500,0,0,5.0,0,KYO Indonesia_NEW,2,Jakarta Utara,tokopedia,ssd
2743049750,Team MP33 PRO 1TB SSD PCIE 3.0 GEN3 M.2 NVME,https://www.tokopedia.com/star-seventeen-com/team-mp33-pro-1tb-ssd-pcie-3-0-gen3-m-2-nvme,3089000,0,0,5.0,0,STAR SEVENTEEN COM,2,Jakarta Selatan,tokopedia,ssd
16251591339,TEAM SSD NVME 2280 GEN4 1TB - G70 PRO W/STICKER,https://www.tokopedia.com/pcrakitanofficial/team-ssd-nvme-2280-gen4-1tb-g70-pro-w-sticker-1730866551781033022,3680000,5549000,0,5.0,0,PC Rakitan Official,2,Jakarta Utara,tokopedia,ssd
7548979948,TEAM MP44L 500GB M.2 NVME - PCIe Gen4x4 Storage,https://www.tokopedia.com/distributorpc/team-mp44l-500gb-m-2-nvme-pcie-gen4x4-storage-1731249490484888896,1784000,0,0,5.0,0,distributorkomputer,2,Jakarta Pusat,tokopedia,ssd
15756579094,SSD ADATA LEGEND 900 1TB M.2 NVME PCIe Gen4x4,https://www.tokopedia.com/redteknologi/ssd-adata-legend-900-1tb-m-2-nvme-pcie-gen4x4,3299999,0,0,5.0,0,RedTeknologi-Redcom,2,Jakarta Barat,tokopedia,ssd
15833190569,Samsung SSD 990 Evo Plus M.2 Pcie NVMe Gen5 1TB - M2 1 TB,https://www.tokopedia.com/jayapc/samsung-ssd-990-evo-plus-m-2-pcie-nvme-gen5-1tb-m2-1-tb,5225000,0,0,5.0,0,Jaya PC,2,Jakarta Pusat,tokopedia,ssd
12493000901,Lexar NM790 NVMe M.2 PCIe Gen4×4 2TB / SSD M.2 2TB,https://www.tokopedia.com/enterkomputer/lexar-nm790-nvme-m-2-pcie-gen4-4-2tb-ssd-m-2-2tb,7399000,0,0,5.0,0,Enter Komputer Official,2,Jakarta Pusat,tokopedia,ssd
1679613175,SSD M.2 HYPER NVMe 128GB 256GB 512GB 1TB V-GeN,https://www.tokopedia.com/vgenofficialstore/ssd-m-2-hyper-nvme-128gb-256gb-512gb-1tb-v-gen-256gb,966500,0,0,5.0,0,V-GeN Official Store Surabaya,2,Surabaya,tokopedia,ssd
103267871138,ZHITAI TI600 M.2 NVMe PCIe Gen4 X4 SSD - 500GB 1TB / 2TB / 4TB,https://www.tokopedia.com/gasol/zhitai-ti600-m-2-nvme-pcie-gen4-x4-ssd-1tb-2tb-4tb-1733951604594214094-1735154650479428814,1859000,0,0,5.0,0,GASOL MALANG,2,Malang,tokopedia,ssd
100752103960,MSI SPATIUM M450 500GB PCIe 4.0 NVMe M.2,https://www.tokopedia.com/smartmediacom/msi-spatium-m450-500gb-pcie-4-0-nvme-m-2-1731913852572501251,2999000,0,0,5.0,0,Smart Media Computer,2,Makassar,tokopedia,ssd
12493852048,Transcend TS1TMTE400S NVMe PCIe Gen3 x4 M.2 2242 1TB SSD,https://www.tokopedia.com/enterkomputer/transcend-ts1tmte400s-nvme-pcie-gen3-x4-m-2-2242-1tb-ssd,6380000,0,0,5.0,0,Enter Komputer Official,2,Jakarta Pusat,tokopedia,ssd
14797442468,Kingston SSD NV3 M.2 Pcie Gen4 Nvme 2TB - M2 2 TB,https://www.tokopedia.com/jayapc/kingston-ssd-nv3-m-2-pcie-gen4-nvme-2tb-m2-2-tb,7799900,7800000,0,5.0,0,Jaya PC,2,Jakarta Pusat,tokopedia,ssd
100258003232,Midasforce SSD NVMe Lightning Max 1TB storage,https://www.tokopedia.com/it-shoponline/midasforce-ssd-nvme-lightning-max-1tb-storage-1729563847056984129,2330000,0,0,5.0,0,ITShop Online,2,Surabaya,tokopedia,ssd
100579187672,Team T-Force G70 Pro Graphene PCIe Gen 4 Up To 7400/6800 MB/s 2280 SSD NVMe With Heat Sticker,https://www.tokopedia.com/agreskomputerbandung/team-t-force-g70-pro-graphene-pcie-gen-4-up-to-7400-6800-mb-s-2280-ssd-nvme-with-heat-sticker-1tb-5177e,4784000,0,0,5.0,0,Agres Komputer Bandung,2,Bandung,tokopedia,ssd
14998148891,PNY CS1031 500GB M.2 2280 NVMe PCie Gen3x4 SSD,https://www.tokopedia.com/gasolsurabaya/pny-cs1031-500gb-m-2-2280-nvme-pcie-gen3x4-ssd,1599000,0,0,5.0,0,Gasol Maspion Square Surabaya,2,Surabaya,tokopedia,ssd
15195770763,TEAM MP33 1TB M.2 NVMe PCIe Gen3 x4 SSD,https://www.tokopedia.com/gasolsurabaya/team-mp33-1tb-m-2-nvme-pcie-gen3-x4-ssd-1730151657717073915,3029000,0,0,5.0,0,Gasol Maspion Square Surabaya,2,Surabaya,tokopedia,ssd
15569995068,SSD ADATA LEGEND 900 512GB M.2 NVME PCIe Gen4x4,https://www.tokopedia.com/toko-expert-komputer/ssd-adata-legend-900-512gb-m-2-nvme-pcie-gen4x4,1919707,0,0,5.0,0,Toko Expert Komputer,2,Jakarta Pusat,tokopedia,ssd
102669266828,SSD Patriot P300 256GB NVMe M2 2280 PCIe Gen3 x 4 - SSD 256GB NVMe Patriot - SSD NVMe 256GB,https://www.tokopedia.com/houseofit/ssd-patriot-p300-256gb-nvme-m2-2280-pcie-gen3-x-4-ssd-256gb-nvme-patriot-ssd-nvme-256gb-1733501435634615777,1149000,0,0,5.0,0,House Of IT,2,Jakarta Pusat,tokopedia,ssd
102034382978,WD SSD BLACK SN8100 4TB NVMe 4TB M.2 2280 PCIe Gen5 Garansi Resmi 5 Tahun Kecepatan 14900MB/s,https://www.tokopedia.com/tpediapc/wd-ssd-black-sn8100-4tb-nvme-4tb-m-2-2280-pcie-gen5-garansi-resmi-5-tahun-kecepatan-14900mb-s-1732109345302873388,12650000,0,0,5.0,0,t pedia pc,2,Jakarta Pusat,tokopedia,ssd
103382879630,ADATA SSD NVME GEN4 LEGEND 900 1TB PCIE 4.0 M.2 2280 5Y - UP TO 7000 MB/S,https://www.tokopedia.com/imbapc/adata-legend-900-1tb-pcie-4-0-m-2-2280-nvme-gen4-1730817932205655394-1735594279574340962,3150000,0,0,5.0,0,IMBA PC,2,Jakarta Utara,tokopedia,ssd
103014552823,SSD Teamgroup NV5000 1TB 2TB  - SSD Internal M.2 NVMe PCIe Gen4,https://www.tokopedia.com/trinityofficial/ssd-teamgroup-nv5000-1tb-2tb-ssd-internal-m-2-nvme-pcie-gen4-1734365131065230394,3067000,0,0,5.0,0,Trinity Official Store,2,Jakarta Barat,tokopedia,ssd
13627809684,Teamgroup SSD M.2 2280 T-FORCE G70 PRO 2TB (2000GB) PCIe Gen4x4 with NVMe,https://www.tokopedia.com/teamgroup/teamgroup-ssd-m-2-2280-t-force-g70-pro-2tb-2000gb-pcie-gen4x4-with-nvme,6400000,0,0,5.0,0,Teamgroup Official Store,2,Jakarta Pusat,tokopedia,ssd
12435583711,SSD Lexar Play X 1TB - SSD M.2 2230 (22x30mm) NVMe PCIe Gen 4,https://www.tokopedia.com/trinityofficial/ssd-lexar-play-1tb-ssd-m-2-2230-22x30mm-nvme-pcie-gen-4,3780000,0,0,5.0,0,Trinity Official Store,2,Jakarta Barat,tokopedia,ssd
100340125209,ADATA SSD NVME GEN4 LEGEND 900 512GB PCIE 4.0 M.2 2280 5Y - UP TO 6200 MB/S,https://www.tokopedia.com/agrespcrakitan/adata-ssd-nvme-gen4-legend-900-512gb-pcie-4-0-m-2-2280-5y-up-to-6200-mb-s-1730968618957112974,1850000,3969000,0,5.0,0,AGRES PC RAKITAN,2,Jakarta Utara,tokopedia,ssd
102624625389,Addlink SSD A95 1TB GEN4X4 NVMe PCIe M.2 2280,https://www.tokopedia.com/originae/addlink-ssd-a95-1tb-gen4x4-nvme-pcie-m-2-2280-1733380212747241232,2835000,0,0,5.0,0,Originae Shop,2,Jakarta Pusat,tokopedia,ssd
16291916408,WD Black SSD SN7100 500GB 1TB 2TB - SSD M.2 NVMe PCIe GEN 4,https://www.tokopedia.com/sandisk-indonesia/wd-black-ssd-sn7100-500gb-1tb-2tb-ssd-m-2-nvme-pcie-gen-4-1730892232916633570,7109000,0,0,5.0,0,Sandisk Indonesia,2,Jakarta Pusat,tokopedia,ssd
2787709633,Lexar NM620 M.2 Pcie Gen3 Nvme 2280 256GB - SSD NM 620 M2 256 GB,https://www.tokopedia.com/jayapc/lexar-nm620-m-2-pcie-gen3-nvme-2280-256gb-ssd-nm-620-m2-256-gb,1089900,1250000,0,5.0,0,Jaya PC,2,Jakarta Pusat,tokopedia,ssd
10219324042,MCQuest Digital RAPTOR X SSD 512GB 1TB 2TB -M.2 2280 NVMe PCIe Gen4.0,https://www.tokopedia.com/d-m-i/mcquest-digital-raptor-x-ssd-512gb-1tb-2tb-m-2-2280-nvme-pcie-gen4-0-512gb-d7e76,2139000,0,0,5.0,0,Duta Mandiri Infokom,2,Jakarta Pusat,tokopedia,ssd
102624625389,Addlink SSD A95 1TB GEN4X4 NVMe PCIe M.2 2280,https://www.tokopedia.com/originae/addlink-ssd-a95-1tb-gen4x4-nvme-pcie-m-2-2280-1733380212747241232,2835000,0,0,5.0,0,Originae Shop,2,Jakarta Pusat,tokopedia,ssd
11517778187,WD Green SSD SN350 M.2 Pcie Gen3 Nvme 2280 250GB - WDC M2 250 GB,https://www.tokopedia.com/jayapc/wd-green-ssd-sn350-m-2-pcie-gen3-nvme-2280-250gb-wdc-m2-250-gb,1300000,0,0,5.0,0,Jaya PC,2,Jakarta Pusat,tokopedia,ssd
6990928885,Transcend 250S SSD 1TB 2TB 4TB - M.2 2280 NVMe PCIe Gen4 x4 I MTE250S,https://www.tokopedia.com/d-m-i/transcend-250s-ssd-1tb-2tb-4tb-m-2-2280-nvme-pcie-gen4-x4-i-mte250s-1tb,5680000,0,0,5.0,0,Duta Mandiri Infokom,2,Jakarta Pusat,tokopedia,ssd
103380516618,MSI SSD NVME GEN4 SPATIUM M450 1TB PCIE 4.0 M.2 2280 5Y - UP TO 3600 MB/S,https://www.tokopedia.com/agreskomputerofficial/msi-ssd-nvme-gen4-spatium-m450-1tb-pcie-4-0-m-2-2280-5y-up-to-3600-mb-s-1729855700859258784-1735576318973413280,3399000,5000000,0,5.0,0,Agres Komputer Official,2,Jakarta Utara,tokopedia,ssd
103381466250,TEAM SSD NVME GEN5 GA PRO W/STICKER 4TB PCIE 5.0 M.2 2280 5Y - UP TO 10000 MB/S - UNTUK PC ONLY,https://www.tokopedia.com/agreskomputerofficial/team-ssd-nvme-gen5-ga-pro-w-sticker-4tb-pcie-5-0-m-2-2280-5y-up-to-10000-mb-s-1735326425042487200-1735583065457854368,8150000,10000000,0,5.0,0,Agres Komputer Official,2,Jakarta Utara,tokopedia,ssd
10918197128,SSD KYO KAIZEN M.2 NVMe 128GB PCIe Gen3 x4 2280 SSD NVMe Gen 3,https://www.tokopedia.com/kyo-official/ssd-kyo-kaizen-m-2-nvme-128gb-pcie-gen3-x4-2280-ssd-nvme-gen-3,632700,0,0,5.0,0,KYO Indonesia_NEW,2,Jakarta Utara,tokopedia,ssd
100279913777,SSD M.2 NVME 256GB Midasforce Lightning Max PCIe Gen3 x4 Storage ssd nvme,https://www.tokopedia.com/midas-force/ssd-m-2-nvme-256gb-midasforce-lightning-max-pcie-gen3-x4-storage-ssd-nvme-1729583853654280494,810000,0,0,5.0,0,MidasForce,2,Jakarta Barat,tokopedia,ssd
16012606370,SSD CORSAIR MP700 PRO 1TB PCIe Gen5 x4 NVMe 2.0 M.2- CORSAIR CSSD-F1000GBMP700PNH,https://www.tokopedia.com/distributorpc/ssd-corsair-mp700-pro-1tb-pcie-gen5-x4-nvme-2-0-m-2-corsair-cssd-f1000gbmp700pnh-1731249474149713216,5730000,0,0,5.0,0,distributorkomputer,2,Jakarta Pusat,tokopedia,ssd
100266563776,SSD TEAM MP44Q M.2 PCIe Gen 4x4 PS5 1TB/2TB/4TB Teamgroup SSD M.2 NVME,https://www.tokopedia.com/anugerahdigital/ssd-team-mp44q-m-2-pcie-gen-4x4-ps5-1tb-2tb-4tb-teamgroup-ssd-m-2-nvme-1731164646858458455,8099000,0,0,5.0,0,Anugerah Digital Lestari,2,Jakarta Pusat,tokopedia,ssd
986693530,SSD NVME 256GB FOR UPGRADE,https://www.tokopedia.com/envicstore/ssd-nvme-256gb-for-upgrade,999000,0,0,5.0,0,ENVICSTORE,2,Jakarta Utara,tokopedia,ssd
16004160108,WD Black SSD SN7100 M.2 Pcie Gen4 Nvme 2280 2TB - M2 2 TB,https://www.tokopedia.com/jayapc/wd-black-ssd-sn7100-m-2-pcie-gen4-nvme-2280-2tb-m2-2-tb-1730750486923871651,10553000,0,0,5.0,0,Jaya PC,2,Jakarta Pusat,tokopedia,ssd
102568831911,"SSD NVME 2280 GEN3 / GEN 4 ALL BRAND -UPGRADE / BELI LANGSUNG SSD , BISA SEKALIAN PASANG",https://www.tokopedia.com/agresidsurabaya/ssd-nvme-2280-gen3-gen-4-all-brand-upgrade-beli-langsung-ssd-bisa-sekalian-pasang-1733234531099379671,1850000,2850000,0,5.0,0,Agres ID Surabaya,2,Surabaya,tokopedia,ssd
16042821777,SANDISK microSDXC Express Card 128GB / 256GB / 512GB A1 U3 (Up to 880MB/s) PCIe NVMe UHS-I,https://www.tokopedia.com/sandisk-indonesia/sandisk-microsdxc-express-card-128gb-256gb-512gb-a1-u3-up-to-880mb-s-pcie-nvme-uhs-i-1730779687175882722,1555000,2592000,0,5.0,0,Sandisk Indonesia,2,Jakarta Pusat,tokopedia,ssd
15465391876,Kingston NV3 SSD m.2 NVMe 2280 PCIe Gen 4,https://www.tokopedia.com/elscomputer/kingston-nv3-ssd-m-2-nvme-2280-pcie-gen-4-1tb-3f7fd,3232000,0,0,5.0,0,Els Computer,2,Yogyakarta,tokopedia,ssd
16433784777,Adata LEGEND 860 500GB M.2 NVMe PCIe Gen4x4 SSD - Solid State Drive,https://www.tokopedia.com/gasolsurabaya/adata-legend-860-500gb-m-2-nvme-pcie-gen4x4-ssd-solid-state-drive-1731004572179793915,1849000,0,0,5.0,0,Gasol Maspion Square Surabaya,2,Surabaya,tokopedia,ssd
12418752055,MSI SPATIUM M371 SSD 1TB M.2 NVMe PCIe Gen 3,https://www.tokopedia.com/dbclick/msi-spatium-m371-ssd-1tb-m-2-nvme-pcie-gen-3-1730900528799319080,3737000,3937000,0,5.0,0,DBKlik Indonesia,2,Surabaya,tokopedia,ssd
15958768259,Samsung 990 PRO SSD m.2 NVMe 2280 Gen 4 Kapasitas 1TB 2TB 4TB,https://www.tokopedia.com/elscomputer/samsung-990-pro-ssd-m-2-nvme-2280-gen-4-kapasitas-1tb-2tb-4tb-1731151110907659368,4926000,0,0,5.0,0,Els Computer,2,Yogyakarta,tokopedia,ssd
12571725546,Kingston SSD KC3000 M.2 Pcie Gen4 Nvme 1TB - M2 1 TB,https://www.tokopedia.com/jayapc/kingston-ssd-kc3000-m-2-pcie-gen4-nvme-1tb-m2-1-tb,5718000,0,0,5.0,0,Jaya PC,2,Jakarta Pusat,tokopedia,ssd
102830954513,TEAM SSD NVME GEN4 MP44L 500GB/1TB/2TB PCIE 4.0 M.2 2280 5Y - UP TO 5000 MB/S,https://www.tokopedia.com/protechcom/team-ssd-nvme-gen4-mp44l-500gb-1tb-2tb-pcie-4-0-m-2-2280-5y-up-to-5000-mb-s-1733958131968280480,3250000,7999000,0,5.0,0,ProTech Com,2,Jakarta Utara,tokopedia,ssd
100571602825,SSD Portable Midasforce M.2 NVME XDASH 256GB GEN 3 External - Garansi 3 Tahun Black ssd eksternal ssd,https://www.tokopedia.com/midas-force/ssd-portable-midasforce-m-2-nvme-xdash-256gb-gen-3-external-garansi-3-tahun-black-ssd-eksternal-ssd-1731605061827331374,978000,0,0,5.0,0,MidasForce,2,Jakarta Barat,tokopedia,ssd
102624086399,KLEVV SSD CRAS C910G 1TB M.2 2280 NVMe PCle Gen4 x4 / SSD 1TB,https://www.tokopedia.com/enterkomputer/klevv-ssd-cras-c910g-1tb-m-2-2280-nvme-pcle-gen4-x4-ssd-1tb-1733380577196607056,3397000,0,0,5.0,0,Enter Komputer Official,2,Jakarta Pusat,tokopedia,ssd
13500234922,Teamgroup SSD T-FORCE GE PRO 4TB PCIe Gen5x4 with NVMe + AirFlow,https://www.tokopedia.com/gamingpcstore/teamgroup-ssd-t-force-ge-pro-4tb-pcie-gen5x4-with-nvme-airflow-1730032272011592869,11650000,0,0,5.0,0,STAR17 COM,2,Jakarta Selatan,tokopedia,ssd
102528253709,WD Blue SN5100 500GB M.2 NVMe PCIe Gen4 x4 SSD,https://www.tokopedia.com/gasol-laptop/wd-blue-sn5100-500gb-m-2-nvme-pcie-gen4-x4-ssd-1733106292091946031,2199000,0,0,5.0,0,Gasol WTC Surabaya,2,Surabaya,tokopedia,ssd
6832852580,VenomRX 128GB M.2 NVME SSD,https://www.tokopedia.com/galaxy-solusindo/venomrx-128gb-m-2-nvme-ssd,570000,0,0,5.0,0,Galaxy Solusindo,2,Malang,tokopedia,ssd
10457371566,SSD TEAM MP33 256GB M.2 NVMe (1800MB/s),https://www.tokopedia.com/komputermedan/ssd-team-mp33-256gb-m-2-nvme-1800mb-s,1220000,0,0,5.0,0,KomputerMedan OS,2,Medan,tokopedia,ssd
15739164395,Kingston NV3 1TB M.2 2280 NVMe PCIe Gen4 X4 SSD,https://www.tokopedia.com/gasolsurabaya/kingston-nv3-1tb-m-2-2280-nvme-pcie-gen4-x4-ssd,3349000,0,0,5.0,0,Gasol Maspion Square Surabaya,2,Surabaya,tokopedia,ssd
7555208523,MSI SPATIUM M461 2TB PCIe 4.0 NVMe M.2,https://www.tokopedia.com/cockomputer/msi-spatium-m461-2tb-pcie-4-0-nvme-m-2,6357000,0,0,5.0,0,COC Komputer,2,Jakarta Pusat,tokopedia,ssd
16626883630,Crucial SSD P310 500GB 1TB 2TB PCIe Gen4 NVMe 2280 M.2 SSD,https://www.tokopedia.com/lenovo-legion-store-surabaya/crucial-ssd-p310-500gb-1tb-2tb-pcie-gen4-nvme-2280-m-2-ssd-1731271510281192940,5251000,0,0,5.0,0,Lenovo Legion Store Surabaya,2,Surabaya,tokopedia,ssd
16586380583,BIWIN NV3500 512GB / 1TB M.2 PCIe NVMe SSD Gen3,https://www.tokopedia.com/distributorpc/biwin-nv3500-512gb-1tb-m-2-pcie-nvme-ssd-gen3-1731249494969058624,1599000,0,0,5.0,0,distributorkomputer,2,Jakarta Pusat,tokopedia,ssd
102945031758,SSD NVMe WD BLACK SN7100 1TB - Garansi Resmi 5 Tahun - SSD PS5 WD 1TB,https://www.tokopedia.com/houseofit/ssd-nvme-wd-black-sn7100-1tb-garansi-resmi-5-tahun-ssd-ps5-wd-1tb-1734227511986193889,3499000,0,0,5.0,0,House Of IT,2,Jakarta Pusat,tokopedia,ssd
15833208439,Samsung SSD 990 Evo Plus M.2 Pcie NVMe Gen5 2TB - M2 2 TB,https://www.tokopedia.com/jayapc/samsung-ssd-990-evo-plus-m-2-pcie-nvme-gen5-2tb-m2-2-tb,7737000,0,0,5.0,0,Jaya PC,2,Jakarta Pusat,tokopedia,ssd
16172582264,MSI SSD SPATIUM M470 PRO M.2 Pcie Gen4 Nvme 2280 2TB - M2 2 TB,https://www.tokopedia.com/jayapc/msi-ssd-spatium-m470-pro-m-2-pcie-gen4-nvme-2280-2tb-m2-2-tb-1730831350139487651,7186000,0,0,5.0,0,Jaya PC,2,Jakarta Pusat,tokopedia,ssd
102112239912,Adata LEGEND 860 1TB M.2 NVMe PCIe Gen4x4 SSD - Solid State Drive,https://www.tokopedia.com/gasolsurabaya/adata-legend-860-1tb-m-2-nvme-pcie-gen4x4-ssd-solid-state-drive-1732237407078942715,3399000,0,0,5.0,0,Gasol Maspion Square Surabaya,2,Surabaya,tokopedia,ssd
10041982675,SSD Lexar NM610 PRO 1TB 2TB - SSD M.2 NVMe PCIe Gen 3x4,https://www.tokopedia.com/trinityofficial/ssd-lexar-nm610-pro-1tb-2tb-ssd-m-2-nvme-pcie-gen-3x4-1-tb,3391000,0,0,5.0,0,Trinity Official Store,2,Jakarta Barat,tokopedia,ssd
15023169547,Corsair MP700 PRO 1TB PCIe Gen5 x4 NVMe 2.0 M.2 SSD - CSSD-F1000GBMP700PNH,https://www.tokopedia.com/gamingpcstore/corsair-mp700-pro-1tb-pcie-gen5-x4-nvme-2-0-m-2-ssd-cssd-f1000gbmp700pnh,5870000,0,0,5.0,0,STAR17 COM,2,Jakarta Selatan,tokopedia,ssd
13863746318,SanDisk SSD Plus SSD 500GB 1TB 2TB - M.2 2280 NVMe PCIe Gen 3.0 x4,https://www.tokopedia.com/d-m-i/sandisk-ssd-plus-ssd-500gb-1tb-2tb-m-2-2280-nvme-pcie-gen-3-0-x4-500gb-7bff2,2330000,0,0,5.0,0,Duta Mandiri Infokom,2,Jakarta Pusat,tokopedia,ssd
